--
-- PostgreSQL database dump
--

SET statement_timeout = 0;
SET client_encoding = 'UTF8';
SET standard_conforming_strings = on;
SET check_function_bodies = false;
SET client_min_messages = warning;

--
-- Name: plpgsql; Type: EXTENSION; Schema: -; Owner: 
--

CREATE EXTENSION IF NOT EXISTS plpgsql WITH SCHEMA pg_catalog;


--
-- Name: EXTENSION plpgsql; Type: COMMENT; Schema: -; Owner: 
--

COMMENT ON EXTENSION plpgsql IS 'PL/pgSQL procedural language';


SET search_path = public, pg_catalog;

SET default_tablespace = '';

SET default_with_oids = false;

--
-- Name: error_log; Type: TABLE; Schema: public; Owner: postgres; Tablespace: 
--

CREATE TABLE error_log (
    id integer NOT NULL,
    error text,
    error_time timestamp without time zone,
    username text
);


ALTER TABLE public.error_log OWNER TO postgres;

--
-- Name: error_log_id_seq; Type: SEQUENCE; Schema: public; Owner: postgres
--

CREATE SEQUENCE error_log_id_seq
    START WITH 1
    INCREMENT BY 1
    NO MINVALUE
    NO MAXVALUE
    CACHE 1;


ALTER TABLE public.error_log_id_seq OWNER TO postgres;

--
-- Name: error_log_id_seq; Type: SEQUENCE OWNED BY; Schema: public; Owner: postgres
--

ALTER SEQUENCE error_log_id_seq OWNED BY error_log.id;


--
-- Name: learning_standards; Type: TABLE; Schema: public; Owner: postgres; Tablespace: 
--

CREATE TABLE learning_standards (
    id text NOT NULL,
    ref_id text NOT NULL,
    progression numeric(9,3) NOT NULL,
    levels integer NOT NULL
);


ALTER TABLE public.learning_standards OWNER TO postgres;

--
-- Name: learningstandards; Type: TABLE; Schema: public; Owner: postgres; Tablespace: 
--

CREATE TABLE learningstandards (
    refid text NOT NULL,
    progression numeric(9,3) NOT NULL,
    levels integer NOT NULL
);


ALTER TABLE public.learningstandards OWNER TO postgres;

--
-- Name: levelattempts; Type: TABLE; Schema: public; Owner: postgres; Tablespace: 
--

CREATE TABLE levelattempts (
    id integer NOT NULL,
    start_time timestamp without time zone,
    end_time timestamp without time zone,
    user_id integer NOT NULL,
    level integer NOT NULL,
    ref_id text NOT NULL,
    score integer DEFAULT 0 NOT NULL,
    time_warning boolean DEFAULT false NOT NULL,
    passed boolean DEFAULT false NOT NULL
);


ALTER TABLE public.levelattempts OWNER TO postgres;

--
-- Name: level_attempts_id_seq; Type: SEQUENCE; Schema: public; Owner: postgres
--

CREATE SEQUENCE level_attempts_id_seq
    START WITH 1
    INCREMENT BY 1
    NO MINVALUE
    NO MAXVALUE
    CACHE 1;


ALTER TABLE public.level_attempts_id_seq OWNER TO postgres;

--
-- Name: level_attempts_id_seq; Type: SEQUENCE OWNED BY; Schema: public; Owner: postgres
--

ALTER SEQUENCE level_attempts_id_seq OWNED BY levelattempts.id;


--
-- Name: passwords; Type: TABLE; Schema: public; Owner: postgres; Tablespace: 
--

CREATE TABLE passwords (
    id integer NOT NULL,
    password text NOT NULL
);


ALTER TABLE public.passwords OWNER TO postgres;

--
-- Name: passwords_id_seq; Type: SEQUENCE; Schema: public; Owner: postgres
--

CREATE SEQUENCE passwords_id_seq
    START WITH 1
    INCREMENT BY 1
    NO MINVALUE
    NO MAXVALUE
    CACHE 1;


ALTER TABLE public.passwords_id_seq OWNER TO postgres;

--
-- Name: passwords_id_seq; Type: SEQUENCE OWNED BY; Schema: public; Owner: postgres
--

ALTER SEQUENCE passwords_id_seq OWNED BY passwords.id;


--
-- Name: schools; Type: TABLE; Schema: public; Owner: postgres; Tablespace: 
--

CREATE TABLE schools (
    id integer NOT NULL,
    school_name text NOT NULL
);


ALTER TABLE public.schools OWNER TO postgres;

--
-- Name: schools_id_seq; Type: SEQUENCE; Schema: public; Owner: postgres
--

CREATE SEQUENCE schools_id_seq
    START WITH 1
    INCREMENT BY 1
    NO MINVALUE
    NO MAXVALUE
    CACHE 1;


ALTER TABLE public.schools_id_seq OWNER TO postgres;

--
-- Name: schools_id_seq; Type: SEQUENCE OWNED BY; Schema: public; Owner: postgres
--

ALTER SEQUENCE schools_id_seq OWNED BY schools.id;


--
-- Name: students; Type: TABLE; Schema: public; Owner: postgres; Tablespace: 
--

CREATE TABLE students (
    id integer NOT NULL,
    teacher_id integer
);


ALTER TABLE public.students OWNER TO postgres;

--
-- Name: teachers; Type: TABLE; Schema: public; Owner: postgres; Tablespace: 
--

CREATE TABLE teachers (
    id integer NOT NULL
);


ALTER TABLE public.teachers OWNER TO postgres;

--
-- Name: users; Type: TABLE; Schema: public; Owner: postgres; Tablespace: 
--

CREATE TABLE users (
    id integer NOT NULL,
    username text,
    password text,
    first_name text,
    middle_name1 text,
    middle_name2 text,
    middle_name3 text,
    last_name text,
    school_id integer NOT NULL,
    ref_id text DEFAULT 'CA9EE2E34F384E95A5FA26769C5864B8'::text NOT NULL,
    level integer DEFAULT 1 NOT NULL
);


ALTER TABLE public.users OWNER TO postgres;

--
-- Name: users_id_seq; Type: SEQUENCE; Schema: public; Owner: postgres
--

CREATE SEQUENCE users_id_seq
    START WITH 1
    INCREMENT BY 1
    NO MINVALUE
    NO MAXVALUE
    CACHE 1;


ALTER TABLE public.users_id_seq OWNER TO postgres;

--
-- Name: users_id_seq; Type: SEQUENCE OWNED BY; Schema: public; Owner: postgres
--

ALTER SEQUENCE users_id_seq OWNED BY users.id;


--
-- Name: id; Type: DEFAULT; Schema: public; Owner: postgres
--

ALTER TABLE ONLY error_log ALTER COLUMN id SET DEFAULT nextval('error_log_id_seq'::regclass);


--
-- Name: id; Type: DEFAULT; Schema: public; Owner: postgres
--

ALTER TABLE ONLY levelattempts ALTER COLUMN id SET DEFAULT nextval('level_attempts_id_seq'::regclass);


--
-- Name: id; Type: DEFAULT; Schema: public; Owner: postgres
--

ALTER TABLE ONLY passwords ALTER COLUMN id SET DEFAULT nextval('passwords_id_seq'::regclass);


--
-- Name: id; Type: DEFAULT; Schema: public; Owner: postgres
--

ALTER TABLE ONLY schools ALTER COLUMN id SET DEFAULT nextval('schools_id_seq'::regclass);


--
-- Name: id; Type: DEFAULT; Schema: public; Owner: postgres
--

ALTER TABLE ONLY users ALTER COLUMN id SET DEFAULT nextval('users_id_seq'::regclass);


--
-- Data for Name: error_log; Type: TABLE DATA; Schema: public; Owner: postgres
--

COPY error_log (id, error, error_time, username) FROM stdin;
\.


--
-- Name: error_log_id_seq; Type: SEQUENCE SET; Schema: public; Owner: postgres
--

SELECT pg_catalog.setval('error_log_id_seq', 1, false);


--
-- Data for Name: learning_standards; Type: TABLE DATA; Schema: public; Owner: postgres
--

COPY learning_standards (id, ref_id, progression, levels) FROM stdin;
k.cc.a.1	CA9EE2E34F384E95A5FA26769C5864B8	1.000	11
k.cc.a.2	5E6A3E3B939B4577B104FA8658206E9E	2.000	6
k.cc.a.3	C11F30815A9C49B9A83B61A285EA11F9	3.000	1
k.cc.c.6	66626D8AEE4E474B8CFEC8A4B68AA51C	4.000	1
k.cc.c.7	C9B9CAD5BDE84CE2A7A0C441A3DF1A2D	5.000	1
k.oa.a.4	0CFFCBC851984A4281C23D34FC400445	7.000	18
k.oa.a.5	1353E9D5614D460FA32E67853B6BA6D8	8.000	42
k.nbt.a.1	ED150B29EFD14FF8B655FA3F2CA4FE6D	8.000	9
1.oa.c.6	6C33D2BEC1AC431C8FC4BF9FD4DD3DCA	9.000	79
2.oa.b.2	800715566B824BB3A5A8C464E961C2B4	10.000	304
3.oa.c.7	3D384CB2349B41299A3B5A133AB9E3F8	11.000	218
\.


--
-- Data for Name: learningstandards; Type: TABLE DATA; Schema: public; Owner: postgres
--

COPY learningstandards (refid, progression, levels) FROM stdin;
CA9EE2E34F384E95A5FA26769C5864B8	1.000	11
5E6A3E3B939B4577B104FA8658206E9E	2.000	6
C11F30815A9C49B9A83B61A285EA11F9	3.000	1
66626D8AEE4E474B8CFEC8A4B68AA51C	4.000	1
C9B9CAD5BDE84CE2A7A0C441A3DF1A2D	5.000	1
0CFFCBC851984A4281C23D34FC400445	7.000	18
1353E9D5614D460FA32E67853B6BA6D8	8.000	42
6C33D2BEC1AC431C8FC4BF9FD4DD3DCA	9.000	79
800715566B824BB3A5A8C464E961C2B4	10.000	304
3D384CB2349B41299A3B5A133AB9E3F8	11.000	218
\.


--
-- Name: level_attempts_id_seq; Type: SEQUENCE SET; Schema: public; Owner: postgres
--

SELECT pg_catalog.setval('level_attempts_id_seq', 1, false);


--
-- Data for Name: levelattempts; Type: TABLE DATA; Schema: public; Owner: postgres
--

COPY levelattempts (id, start_time, end_time, user_id, level, ref_id, score, time_warning, passed) FROM stdin;
\.


--
-- Data for Name: passwords; Type: TABLE DATA; Schema: public; Owner: postgres
--

COPY passwords (id, password) FROM stdin;
1	ahh
2	abs
3	ace
4	add
5	aft
6	ape
7	and
8	aim
9	aid
10	air
11	all
12	amp
13	ant
14	app
15	apt
16	arc
17	arf
18	ark
19	arm
20	art
21	ash
22	ask
23	ate
24	ave
25	awe
26	axe
27	aye
28	ays
\.


--
-- Name: passwords_id_seq; Type: SEQUENCE SET; Schema: public; Owner: postgres
--

SELECT pg_catalog.setval('passwords_id_seq', 28, true);


--
-- Data for Name: schools; Type: TABLE DATA; Schema: public; Owner: postgres
--

COPY schools (id, school_name) FROM stdin;
1	visitationbvm
\.


--
-- Name: schools_id_seq; Type: SEQUENCE SET; Schema: public; Owner: postgres
--

SELECT pg_catalog.setval('schools_id_seq', 1, true);


--
-- Data for Name: students; Type: TABLE DATA; Schema: public; Owner: postgres
--

COPY students (id, teacher_id) FROM stdin;
1	0
2	1
3	1
4	1
5	1
6	1
7	1
8	1
9	1
10	1
11	1
12	1
13	1
14	1
15	1
16	1
17	1
18	1
19	1
20	1
21	1
22	1
23	1
24	1
25	1
26	1
27	1
28	1
29	1
30	1
31	1
32	1
33	1
34	1
35	1
36	1
37	1
38	1
39	1
40	1
41	1
42	1
43	1
44	1
45	1
46	1
47	1
48	1
49	1
50	1
51	1
52	1
53	1
54	1
55	1
56	1
57	1
58	1
59	1
60	1
61	1
62	1
63	1
64	1
65	1
66	1
67	1
68	1
69	1
70	1
71	1
72	1
73	1
74	1
75	1
76	1
77	1
78	1
79	1
80	1
81	1
82	1
83	1
84	1
85	1
86	1
87	1
88	1
89	1
90	1
91	1
92	1
93	1
94	1
95	1
96	1
97	1
98	1
99	1
100	1
101	1
102	1
103	1
104	1
105	1
106	1
107	1
108	1
109	1
110	1
111	1
112	1
113	1
114	1
115	1
116	1
117	1
118	1
119	1
120	1
121	1
122	1
123	1
124	1
125	1
126	1
127	1
128	1
129	1
130	1
131	1
132	1
133	1
134	1
135	1
136	1
137	1
138	1
139	1
140	1
141	1
142	1
143	1
144	1
145	1
146	1
147	1
148	1
149	1
150	1
151	1
152	1
153	1
154	1
155	1
156	1
157	1
158	1
159	1
160	1
161	1
162	1
163	1
164	1
165	1
166	1
167	1
168	1
169	1
170	1
171	1
172	1
173	1
174	1
175	1
176	1
177	1
178	1
179	1
180	1
181	1
182	1
183	1
184	1
185	1
186	1
187	1
188	1
189	1
190	1
191	1
192	1
193	1
194	1
195	1
196	1
197	1
198	1
199	1
200	1
201	1
202	1
203	1
204	1
205	1
206	1
207	1
208	1
209	1
210	1
211	1
212	1
213	1
214	1
215	1
216	1
217	1
218	1
219	1
220	1
221	1
222	1
223	1
224	1
225	1
226	1
227	1
228	1
229	1
230	1
231	1
232	1
233	1
234	1
235	1
236	1
237	1
238	1
239	1
240	1
241	1
242	1
243	1
244	1
245	1
246	1
247	1
248	1
249	1
250	1
251	1
252	1
253	1
254	1
255	1
256	1
257	1
258	1
259	1
260	1
261	1
262	1
263	1
264	1
265	1
266	1
267	1
268	1
269	1
270	1
271	1
272	1
273	1
274	1
275	1
276	1
277	1
278	1
279	1
280	1
281	1
282	1
283	1
284	1
285	1
286	1
287	1
288	1
289	1
290	1
291	1
292	1
293	1
294	1
295	1
296	1
297	1
298	1
299	1
300	1
301	1
302	1
303	1
304	1
305	1
306	1
307	1
308	1
309	1
310	1
311	1
312	1
313	1
314	1
315	1
316	1
317	1
318	1
319	1
320	1
321	1
322	1
323	1
324	1
325	1
326	1
327	1
328	1
329	1
330	1
331	1
332	1
333	1
334	1
335	1
336	1
337	1
338	1
339	1
340	1
341	1
342	1
343	1
344	1
345	1
346	1
347	1
348	1
349	1
350	1
351	1
352	1
353	1
354	1
355	1
356	1
357	1
358	1
359	1
360	1
361	1
362	1
363	1
364	1
365	1
366	1
367	1
368	1
369	1
370	1
371	1
372	1
373	1
374	1
375	1
376	1
377	1
378	1
379	1
380	1
381	1
382	1
383	1
384	1
385	1
386	1
387	1
388	1
389	1
390	1
391	1
392	1
393	1
394	1
395	1
396	1
397	1
398	1
399	1
400	1
401	1
402	1
403	1
404	1
405	1
406	1
407	1
408	1
409	1
410	1
411	1
412	1
413	1
414	1
415	1
416	1
417	1
418	1
419	1
420	1
421	1
422	1
423	1
424	1
425	1
426	1
427	1
428	1
429	1
430	1
431	1
432	1
433	1
434	1
435	1
436	1
437	1
438	1
439	1
440	1
441	1
442	1
443	1
444	1
445	1
446	1
447	1
448	1
449	1
450	1
451	1
452	1
453	1
454	1
455	1
456	1
457	1
458	1
459	1
460	1
461	1
462	1
\.


--
-- Data for Name: teachers; Type: TABLE DATA; Schema: public; Owner: postgres
--

COPY teachers (id) FROM stdin;
1
\.


--
-- Data for Name: users; Type: TABLE DATA; Schema: public; Owner: postgres
--

COPY users (id, username, password, first_name, middle_name1, middle_name2, middle_name3, last_name, school_id, ref_id, level) FROM stdin;
1	root	Paul_1768	\N	\N	\N	\N	\N	1	CA9EE2E34F384E95A5FA26769C5864B8	1
2	k	k					kindergarten	1	CA9EE2E34F384E95A5FA26769C5864B8	1
3	jbreslin	Iggles_13	Jim				Breslin	1	CA9EE2E34F384E95A5FA26769C5864B8	1
4	v1202	bio	Jim				Roache	1	CA9EE2E34F384E95A5FA26769C5864B8	1
5	v1203	bio	Sister				Terri	1	CA9EE2E34F384E95A5FA26769C5864B8	1
6	v1204	bio	Sister				Margaret	1	CA9EE2E34F384E95A5FA26769C5864B8	1
101	v1612	amp	Jonathan				Mejia	1	0CFFCBC851984A4281C23D34FC400445	1
102	v1613	ant	Magalis				Mota	1	0CFFCBC851984A4281C23D34FC400445	1
103	v1614	app	Thanh				Nguyen	1	0CFFCBC851984A4281C23D34FC400445	1
104	v1615	apt	Maria				Nolasco	1	0CFFCBC851984A4281C23D34FC400445	1
105	v1616	arc	Thuy				Pham	1	0CFFCBC851984A4281C23D34FC400445	1
106	v1617	arf	Timothy				Poulterer	1	0CFFCBC851984A4281C23D34FC400445	1
107	v1618	ark	Zachary				Quinones	1	0CFFCBC851984A4281C23D34FC400445	1
108	v1619	arm	Ryan				Ramirez	1	0CFFCBC851984A4281C23D34FC400445	1
109	v1620	art	Ciara				Skinner	1	0CFFCBC851984A4281C23D34FC400445	1
110	v1621	ash	Sasha				Vidro	1	0CFFCBC851984A4281C23D34FC400445	1
111	v1622	ask	Christopher	Campverde			Pacheco	1	0CFFCBC851984A4281C23D34FC400445	1
112	v1623	ate	Lily				Chieu	1	0CFFCBC851984A4281C23D34FC400445	1
113	v1624	ave	Lukas				Cruz	1	0CFFCBC851984A4281C23D34FC400445	1
114	v1625	awe	Layani				Fermin	1	0CFFCBC851984A4281C23D34FC400445	1
115	v1626	axe	Alexandria				Furlow	1	0CFFCBC851984A4281C23D34FC400445	1
116	v1627	aye	Abigale				Gibson	1	0CFFCBC851984A4281C23D34FC400445	1
117	v1628	ays	Andre				Gonzalez	1	0CFFCBC851984A4281C23D34FC400445	1
118	v1629	baa	Timothy				Gordon	1	0CFFCBC851984A4281C23D34FC400445	1
119	v1630	bit	Wylid				Harmon	1	0CFFCBC851984A4281C23D34FC400445	1
217	v1832	bam	Halle				Jimenez	1	0CFFCBC851984A4281C23D34FC400445	1
218	v1833	ban	Vivian				Le	1	0CFFCBC851984A4281C23D34FC400445	1
219	v1834	bap	Richard				Lillo	1	0CFFCBC851984A4281C23D34FC400445	1
220	v1835	bar	Wei				Lin	1	0CFFCBC851984A4281C23D34FC400445	1
221	v1836	bat	Israel				Lugo	1	0CFFCBC851984A4281C23D34FC400445	1
222	v1837	bay	Makel				Martin	1	0CFFCBC851984A4281C23D34FC400445	1
223	v1838	bed	Elias				Merced	1	0CFFCBC851984A4281C23D34FC400445	1
224	v1839	bee	Valerie				Montiel	1	0CFFCBC851984A4281C23D34FC400445	1
225	v1840	beg	Ai	Nhi			Nguyen	1	0CFFCBC851984A4281C23D34FC400445	1
226	v1841	ben	Juliza				Portillo	1	0CFFCBC851984A4281C23D34FC400445	1
227	v1842	bet	Jacelynne	Quinones			Castro	1	0CFFCBC851984A4281C23D34FC400445	1
228	v1843	bib	Markus				Richards	1	0CFFCBC851984A4281C23D34FC400445	1
229	v1844	bid	Joel	Rivera			Jr	1	0CFFCBC851984A4281C23D34FC400445	1
230	v1845	big	Brianna				Rodriquez	1	0CFFCBC851984A4281C23D34FC400445	1
231	v1846	bin	Joshua				Rojas	1	0CFFCBC851984A4281C23D34FC400445	1
232	v1847	bin	Abrianna				Santiago	1	0CFFCBC851984A4281C23D34FC400445	1
233	v1848	bin	Christopher				Serrano	1	0CFFCBC851984A4281C23D34FC400445	1
234	v1849	bin	Terrell				Wood	1	0CFFCBC851984A4281C23D34FC400445	1
235	v1850	bit	Ashanti				Lopez	1	0CFFCBC851984A4281C23D34FC400445	1
236	v1851	bit	Bangelis				Cosma	1	0CFFCBC851984A4281C23D34FC400445	1
7	v1401	ahh	Anthony				Arvelo	1	C9B9CAD5BDE84CE2A7A0C441A3DF1A2D	1
54	v1501	ahh	Keaira				Archie	1	0CFFCBC851984A4281C23D34FC400445	1
55	v1502	abs	Jacin				Aviles	1	0CFFCBC851984A4281C23D34FC400445	1
56	v1503	ace	Tony				Boose	1	0CFFCBC851984A4281C23D34FC400445	1
57	v1504	add	Tiara				Bounyarith	1	0CFFCBC851984A4281C23D34FC400445	1
58	v1505	aft	Ledys				Chavez	1	0CFFCBC851984A4281C23D34FC400445	1
59	v1506	ape	Natalie				Colon	1	0CFFCBC851984A4281C23D34FC400445	1
60	v1507	and	Pablo	Manuel			Diaz	1	0CFFCBC851984A4281C23D34FC400445	1
61	v1508	aim	Dang	Thanh			Duong	1	0CFFCBC851984A4281C23D34FC400445	1
62	v1509	aid	Eliannie				Figueroa	1	0CFFCBC851984A4281C23D34FC400445	1
63	v1510	air	Thomas				Flynn	1	0CFFCBC851984A4281C23D34FC400445	1
64	v1511	all	Alexandria	Luz			Medina	1	0CFFCBC851984A4281C23D34FC400445	1
65	v1512	amp	Javier				Morales	1	0CFFCBC851984A4281C23D34FC400445	1
66	v1513	ant	Destiny				Nunez	1	0CFFCBC851984A4281C23D34FC400445	1
67	v1514	app	Kelly				Pickering	1	0CFFCBC851984A4281C23D34FC400445	1
68	v1515	apt	Miguel				Reyes	1	0CFFCBC851984A4281C23D34FC400445	1
69	v1516	arc	Christopher				Rivera	1	0CFFCBC851984A4281C23D34FC400445	1
70	v1517	arf	Rajah				Williams	1	0CFFCBC851984A4281C23D34FC400445	1
71	v1518	ark	Pamela				Bonifacio	1	0CFFCBC851984A4281C23D34FC400445	1
72	v1519	arm	Marlon				Castillo	1	0CFFCBC851984A4281C23D34FC400445	1
73	v1520	art	Kiara				Figuereo	1	0CFFCBC851984A4281C23D34FC400445	1
74	v1521	ash	Nicole				Garcia	1	0CFFCBC851984A4281C23D34FC400445	1
75	v1522	ask	Kiara				Gomez	1	0CFFCBC851984A4281C23D34FC400445	1
76	v1523	ate	Nicola				Izzard	1	0CFFCBC851984A4281C23D34FC400445	1
77	v1524	ave	Howard				Jiang	1	0CFFCBC851984A4281C23D34FC400445	1
90	v1601	ahh	Ruben				Avalos	1	0CFFCBC851984A4281C23D34FC400445	1
91	v1602	abs	Paula	Barbot			Santana	1	0CFFCBC851984A4281C23D34FC400445	1
92	v1603	ace	Gregory				Dillon	1	0CFFCBC851984A4281C23D34FC400445	1
93	v1604	add	Shaun				Doyle	1	0CFFCBC851984A4281C23D34FC400445	1
94	v1605	aft	Joshua				Figueroa	1	0CFFCBC851984A4281C23D34FC400445	1
95	v1606	ape	Diosmairi				Gonzalez	1	0CFFCBC851984A4281C23D34FC400445	1
96	v1607	and	Emely				Jimenez	1	0CFFCBC851984A4281C23D34FC400445	1
97	v1608	aim	Genesis				Jimenez	1	0CFFCBC851984A4281C23D34FC400445	1
98	v1609	aid	Sharon				Kelly	1	0CFFCBC851984A4281C23D34FC400445	1
99	v1610	air	Maximo				Lebron	1	0CFFCBC851984A4281C23D34FC400445	1
100	v1611	all	William				Lewandowski	1	0CFFCBC851984A4281C23D34FC400445	1
259	v1923	bot	Luke				Breslin	1	0CFFCBC851984A4281C23D34FC400445	2
249	v1913	ant	Diveah				Henry	1	0CFFCBC851984A4281C23D34FC400445	1
250	v1914	app	Adam				Moore	1	0CFFCBC851984A4281C23D34FC400445	1
251	v1915	apt	Jose				Morales	1	0CFFCBC851984A4281C23D34FC400445	1
252	v1916	arc	Rachel				Nguyen	1	0CFFCBC851984A4281C23D34FC400445	1
253	v1917	arf	Richel				Nunez	1	0CFFCBC851984A4281C23D34FC400445	1
254	v1918	ark	Dasha				Rios	1	0CFFCBC851984A4281C23D34FC400445	1
255	v1919	arm	Erik				Sanchez	1	0CFFCBC851984A4281C23D34FC400445	1
256	v1920	art	Jaslin	Vasquez			Gonzalez	1	0CFFCBC851984A4281C23D34FC400445	1
257	v1921	ash	Brandon				Alston	1	0CFFCBC851984A4281C23D34FC400445	1
258	v1922	ask	Lily				Billarrial	1	0CFFCBC851984A4281C23D34FC400445	1
134	v1701	ahh	Jared				Alston	1	0CFFCBC851984A4281C23D34FC400445	1
135	v1702	abs	Celine				Beltran	1	0CFFCBC851984A4281C23D34FC400445	1
136	v1703	ace	Tytiona				Booker	1	0CFFCBC851984A4281C23D34FC400445	1
137	v1704	add	Donte				Burton	1	0CFFCBC851984A4281C23D34FC400445	1
138	v1705	aft	Brandon				Castillo	1	0CFFCBC851984A4281C23D34FC400445	1
139	v1706	ape	Waleska	Chaves			Quesada	1	0CFFCBC851984A4281C23D34FC400445	1
140	v1707	and	Joshua	Dela			Cruz	1	0CFFCBC851984A4281C23D34FC400445	1
141	v1708	aim	Ciennali				Gonzalez	1	0CFFCBC851984A4281C23D34FC400445	1
142	v1709	aid	Genesis				Gonzalez	1	0CFFCBC851984A4281C23D34FC400445	1
143	v1710	air	Angie				Gutierrez	1	0CFFCBC851984A4281C23D34FC400445	1
144	v1711	all	Justine				Jones	1	0CFFCBC851984A4281C23D34FC400445	1
145	v1712	amp	Jaden				Jordan	1	0CFFCBC851984A4281C23D34FC400445	1
146	v1713	ant	Jesse	Magobet			Jr	1	0CFFCBC851984A4281C23D34FC400445	1
147	v1714	app	Jordan				Medina	1	0CFFCBC851984A4281C23D34FC400445	1
148	v1715	apt	Paola	Munoz			Navarro	1	0CFFCBC851984A4281C23D34FC400445	1
149	v1716	arc	Tamthu				Nguyen	1	0CFFCBC851984A4281C23D34FC400445	1
150	v1717	arf	Chaneli				Nolasco	1	0CFFCBC851984A4281C23D34FC400445	1
151	v1718	ark	Aidan				Ramirez	1	0CFFCBC851984A4281C23D34FC400445	1
152	v1719	arm	Victor				Rivera	1	0CFFCBC851984A4281C23D34FC400445	1
153	v1720	art	Evelyn				Rivera	1	0CFFCBC851984A4281C23D34FC400445	1
154	v1721	ash	Samir				Sullivan	1	0CFFCBC851984A4281C23D34FC400445	1
186	v1801	ahh	Juan				Ayala	1	0CFFCBC851984A4281C23D34FC400445	1
187	v1802	abs	Lanya				Bell	1	0CFFCBC851984A4281C23D34FC400445	1
188	v1803	ace	Angel				Bernardy	1	0CFFCBC851984A4281C23D34FC400445	1
189	v1804	add	Daniel				Diaz	1	0CFFCBC851984A4281C23D34FC400445	1
190	v1805	aft	Stephanie				Donato	1	0CFFCBC851984A4281C23D34FC400445	1
191	v1806	ape	Desmond				Dowling	1	0CFFCBC851984A4281C23D34FC400445	1
192	v1807	and	Fabiana				Fred	1	0CFFCBC851984A4281C23D34FC400445	1
193	v1808	aim	Ledyn				Gonzalez	1	0CFFCBC851984A4281C23D34FC400445	1
194	v1809	aid	Jonathan	Guerrero			Melchor	1	0CFFCBC851984A4281C23D34FC400445	1
195	v1810	air	Isael				Jimenez	1	0CFFCBC851984A4281C23D34FC400445	1
196	v1811	all	Jenny				Le	1	0CFFCBC851984A4281C23D34FC400445	1
197	v1812	amp	Nicholas				Lewandowski	1	0CFFCBC851984A4281C23D34FC400445	1
198	v1813	ant	Victor				Luna	1	0CFFCBC851984A4281C23D34FC400445	1
199	v1814	app	Christopher				Martinez	1	0CFFCBC851984A4281C23D34FC400445	1
200	v1815	apt	Miguel				Martinez	1	0CFFCBC851984A4281C23D34FC400445	1
201	v1816	arc	Milagros				Mejia	1	0CFFCBC851984A4281C23D34FC400445	1
202	v1817	arf	Christina				Negron	1	0CFFCBC851984A4281C23D34FC400445	1
203	v1818	ark	Minh	Tai			Nguyen	1	0CFFCBC851984A4281C23D34FC400445	1
204	v1819	arm	Charil				Nolasco	1	0CFFCBC851984A4281C23D34FC400445	1
205	v1820	art	Brian				Ramos	1	0CFFCBC851984A4281C23D34FC400445	1
206	v1821	ash	Ashley				Rivera	1	0CFFCBC851984A4281C23D34FC400445	1
207	v1822	ask	Serenety				Rivera	1	0CFFCBC851984A4281C23D34FC400445	1
208	v1823	ate	Adrian				Terrero	1	0CFFCBC851984A4281C23D34FC400445	1
209	v1824	ave	Cecilia				Valentin	1	0CFFCBC851984A4281C23D34FC400445	1
210	v1825	awe	Adriana				Burgos	1	0CFFCBC851984A4281C23D34FC400445	1
211	v1826	axe	Leilani				Burgos	1	0CFFCBC851984A4281C23D34FC400445	1
212	v1827	aye	Fernando	Cargua			Buestan	1	0CFFCBC851984A4281C23D34FC400445	1
213	v1828	ays	Miguel				Collazo	1	0CFFCBC851984A4281C23D34FC400445	1
214	v1829	baa	Karina				Cotto	1	0CFFCBC851984A4281C23D34FC400445	1
215	v1830	bit	Jefferson				Delorbe	1	0CFFCBC851984A4281C23D34FC400445	1
216	v1831	bag	Reece	Gibson			Gonzalez	1	0CFFCBC851984A4281C23D34FC400445	1
242	v1906	ape	Tam				Lee	1	0CFFCBC851984A4281C23D34FC400445	1
243	v1907	and	Lesly				Ceballos	1	0CFFCBC851984A4281C23D34FC400445	1
244	v1908	aim	Bryan				Delorbe	1	0CFFCBC851984A4281C23D34FC400445	1
245	v1909	aid	Daniel				DelRosario	1	0CFFCBC851984A4281C23D34FC400445	1
246	v1910	air	Phoenix				Diaz	1	0CFFCBC851984A4281C23D34FC400445	1
247	v1911	all	Christ				Guzman	1	0CFFCBC851984A4281C23D34FC400445	1
248	v1912	amp	Destiny				Haley	1	0CFFCBC851984A4281C23D34FC400445	1
260	v1924	ave	Genesis				Castro	1	0CFFCBC851984A4281C23D34FC400445	1
261	v1925	awe	Edwin	Colon			III	1	0CFFCBC851984A4281C23D34FC400445	1
262	v1926	axe	Carlos				Diaz	1	0CFFCBC851984A4281C23D34FC400445	1
263	v1927	aye	Zamantha				Garro	1	0CFFCBC851984A4281C23D34FC400445	1
264	v1928	ays	Gabriella	Gibson			Gonzalez	1	0CFFCBC851984A4281C23D34FC400445	1
265	v1929	baa	James				Harris	1	0CFFCBC851984A4281C23D34FC400445	1
266	v1930	bit	Matthew	Lampert			Dimperio	1	0CFFCBC851984A4281C23D34FC400445	1
267	v1931	bag	Mya				Lowry	1	0CFFCBC851984A4281C23D34FC400445	1
268	v1932	bam	Isabel				Lugo	1	0CFFCBC851984A4281C23D34FC400445	1
269	v1933	ban	Jada				Mack	1	0CFFCBC851984A4281C23D34FC400445	1
270	v1934	bap	Carleigh				Marsilio	1	0CFFCBC851984A4281C23D34FC400445	1
271	v1935	bar	Lamanh				Nguyen	1	0CFFCBC851984A4281C23D34FC400445	1
272	v1936	bat	Tamthi				Nguyen	1	0CFFCBC851984A4281C23D34FC400445	1
273	v1937	bay	Nicholas	Nguyen			Do	1	0CFFCBC851984A4281C23D34FC400445	1
274	v1938	bed	Aldo				Rodriguez	1	0CFFCBC851984A4281C23D34FC400445	1
275	v1939	bee	Joshua				Rojas	1	0CFFCBC851984A4281C23D34FC400445	1
276	v1940	beg	Ricardo				Taveras	1	0CFFCBC851984A4281C23D34FC400445	1
277	v1941	ben	Quan				Tran	1	0CFFCBC851984A4281C23D34FC400445	1
278	v1942	bet	Imani				Velazquez	1	0CFFCBC851984A4281C23D34FC400445	1
279	v1943	bib	Michael				Zelaya	1	0CFFCBC851984A4281C23D34FC400445	1
280	v1944	big	Ethan				Garcia	1	0CFFCBC851984A4281C23D34FC400445	1
281	v1945	big	Carlos				Jovel	1	0CFFCBC851984A4281C23D34FC400445	1
282	v1946	bag	Suzi				Lin	1	0CFFCBC851984A4281C23D34FC400445	1
283	v1947	bet	Astrid				Cordero	1	0CFFCBC851984A4281C23D34FC400445	1
284	v1948	ben	Christian				Perez	1	0CFFCBC851984A4281C23D34FC400445	1
285	v1949	abc	Omar				Balouch	1	0CFFCBC851984A4281C23D34FC400445	1
286	v1950	bat	Nathaniel				Hamilton	1	0CFFCBC851984A4281C23D34FC400445	1
287	v1951	cat	Ahmir				Porter	1	0CFFCBC851984A4281C23D34FC400445	1
288	v1952	cat	Joseph				Mejia	1	0CFFCBC851984A4281C23D34FC400445	1
290	v2001	ahh	Yandel				Alvarez	1	CA9EE2E34F384E95A5FA26769C5864B8	1
291	v2002	abs	Shadir				Brown	1	CA9EE2E34F384E95A5FA26769C5864B8	1
292	v2003	ace	Eliyah				Clark	1	CA9EE2E34F384E95A5FA26769C5864B8	1
293	v2004	add	Richard	Compres			Taveras	1	CA9EE2E34F384E95A5FA26769C5864B8	1
294	v2005	aft	Amirrah				Conde	1	CA9EE2E34F384E95A5FA26769C5864B8	1
295	v2006	ape	Patrick				Daly	1	CA9EE2E34F384E95A5FA26769C5864B8	1
296	v2007	and	Leanny				Delacruz	1	CA9EE2E34F384E95A5FA26769C5864B8	1
297	v2008	aim	Elijah				Desamour	1	CA9EE2E34F384E95A5FA26769C5864B8	1
298	v2009	aid	Allessandra				Lilo	1	CA9EE2E34F384E95A5FA26769C5864B8	1
299	v2010	air	Lamir				Moore	1	CA9EE2E34F384E95A5FA26769C5864B8	1
300	v2011	all	Brianna	Munoz			Navarro	1	CA9EE2E34F384E95A5FA26769C5864B8	1
301	v2012	amp	Gabriella				Mystil	1	CA9EE2E34F384E95A5FA26769C5864B8	1
302	v2013	ant	Devin				Nguyen	1	CA9EE2E34F384E95A5FA26769C5864B8	1
303	v2014	app	He				Nguyen	1	CA9EE2E34F384E95A5FA26769C5864B8	1
304	v2015	apt	Frank	Nguyen			Do	1	CA9EE2E34F384E95A5FA26769C5864B8	1
305	v2016	arc	Jordan				Pipkin	1	CA9EE2E34F384E95A5FA26769C5864B8	1
306	v2017	arf	Unique				Rodriquez	1	CA9EE2E34F384E95A5FA26769C5864B8	1
307	v2018	ark	Alex				Santiago	1	CA9EE2E34F384E95A5FA26769C5864B8	1
308	v2019	arm	Jesus				Terreforte	1	CA9EE2E34F384E95A5FA26769C5864B8	1
237	v1901	ahh	Angelis				Bernardy	1	0CFFCBC851984A4281C23D34FC400445	1
238	v1902	abs	Julio				Bristol	1	0CFFCBC851984A4281C23D34FC400445	1
239	v1903	ace	Rafael	Cargua			Buestan	1	0CFFCBC851984A4281C23D34FC400445	1
240	v1904	add	Alexander				Caseres	1	0CFFCBC851984A4281C23D34FC400445	1
241	v1905	aft	Luis				Caseres	1	0CFFCBC851984A4281C23D34FC400445	1
309	v2020	art	Donathan				Truong	1	CA9EE2E34F384E95A5FA26769C5864B8	1
310	v2021	ash	Alex				Acevedo	1	CA9EE2E34F384E95A5FA26769C5864B8	1
311	v2022	ask	Zeannalie				Bobe	1	CA9EE2E34F384E95A5FA26769C5864B8	1
312	v2023	ate	Desiray				Cartegna	1	CA9EE2E34F384E95A5FA26769C5864B8	1
313	v2024	ave	Jasnelly				Castillo	1	CA9EE2E34F384E95A5FA26769C5864B8	1
314	v2025	awe	Randy				Ceballos	1	CA9EE2E34F384E95A5FA26769C5864B8	1
315	v2026	axe	Jason	Compres			Taveras	1	CA9EE2E34F384E95A5FA26769C5864B8	1
316	v2027	aye	Crystal				Conway	1	CA9EE2E34F384E95A5FA26769C5864B8	1
317	v2028	ays	Antonio				Delvalle	1	CA9EE2E34F384E95A5FA26769C5864B8	1
318	v2029	baa	Jaelynn				Garcia	1	CA9EE2E34F384E95A5FA26769C5864B8	1
319	v2030	bit	Christian				Gonzalez	1	CA9EE2E34F384E95A5FA26769C5864B8	1
320	v2031	bag	Daniel				Le	1	CA9EE2E34F384E95A5FA26769C5864B8	1
321	v2032	bam	Lymari				Loftus	1	CA9EE2E34F384E95A5FA26769C5864B8	1
322	v2033	ban	Lilah				Martinez	1	CA9EE2E34F384E95A5FA26769C5864B8	1
323	v2034	bap	Joshua				Mcafee	1	CA9EE2E34F384E95A5FA26769C5864B8	1
324	v2035	bar	Faith				Mendendez	1	CA9EE2E34F384E95A5FA26769C5864B8	1
325	v2036	bat	Adrianna				Morales	1	CA9EE2E34F384E95A5FA26769C5864B8	1
326	v2037	bay	Diego				Morales	1	CA9EE2E34F384E95A5FA26769C5864B8	1
327	v2038	bed	Danny				Nguyen	1	CA9EE2E34F384E95A5FA26769C5864B8	1
328	v2039	bee	Chaveliz	Reyes			Pacheco	1	CA9EE2E34F384E95A5FA26769C5864B8	1
329	v2040	beg	Kalah				Rosario	1	CA9EE2E34F384E95A5FA26769C5864B8	1
330	v2041	ben	Alexis				Sanchez	1	CA9EE2E34F384E95A5FA26769C5864B8	1
331	v2042	bet	Antonio				Santiago	1	CA9EE2E34F384E95A5FA26769C5864B8	1
332	v2043	bib	Isis				Torres	1	CA9EE2E34F384E95A5FA26769C5864B8	1
333	v2044	bib	Jaden				Camillo	1	CA9EE2E34F384E95A5FA26769C5864B8	1
334	v2045	bib	Allan				Ortiz	1	CA9EE2E34F384E95A5FA26769C5864B8	1
335	v2046	bib	Mariah				Alicea	1	CA9EE2E34F384E95A5FA26769C5864B8	1
336	v2047	bib	Shawnese				Kervin	1	CA9EE2E34F384E95A5FA26769C5864B8	1
337	v2048	bib	Bre				Rivera	1	CA9EE2E34F384E95A5FA26769C5864B8	1
338	v2049	bib	Hugh				Lin	1	CA9EE2E34F384E95A5FA26769C5864B8	1
339	v2050	cat	David				Amigon	1	CA9EE2E34F384E95A5FA26769C5864B8	1
340	v2051	cat	Aryana				Rosario	1	CA9EE2E34F384E95A5FA26769C5864B8	1
341	v2101	ahh	Kayla				Aponte	1	CA9EE2E34F384E95A5FA26769C5864B8	1
342	v2102	abs	Julian				Aviles	1	CA9EE2E34F384E95A5FA26769C5864B8	1
343	v2103	ace	Yvanna				Burgos	1	CA9EE2E34F384E95A5FA26769C5864B8	1
344	v2104	add	Yanely				Collado	1	CA9EE2E34F384E95A5FA26769C5864B8	1
345	v2105	aft	Anthony				Colon	1	CA9EE2E34F384E95A5FA26769C5864B8	1
346	v2106	ape	Marielis				Colon	1	CA9EE2E34F384E95A5FA26769C5864B8	1
347	v2107	and	John				Colon	1	CA9EE2E34F384E95A5FA26769C5864B8	1
348	v2108	aim	Michael				Colon	1	CA9EE2E34F384E95A5FA26769C5864B8	1
349	v2109	aid	Ebrianna				Cruz	1	CA9EE2E34F384E95A5FA26769C5864B8	1
350	v2110	air	Klaritza				Delarosa	1	CA9EE2E34F384E95A5FA26769C5864B8	1
351	v2111	all	Michael				Delorbe	1	CA9EE2E34F384E95A5FA26769C5864B8	1
352	v2112	amp	Yurielis				Delorbe	1	CA9EE2E34F384E95A5FA26769C5864B8	1
353	v2113	ant	Genesis				Galvez	1	CA9EE2E34F384E95A5FA26769C5864B8	1
354	v2114	app	Nelson				Garcia	1	CA9EE2E34F384E95A5FA26769C5864B8	1
355	v2115	apt	Melaney				Gonzalez	1	CA9EE2E34F384E95A5FA26769C5864B8	1
356	v2116	arc	Azora				Goodwin	1	CA9EE2E34F384E95A5FA26769C5864B8	1
357	v2117	arf	Heaven				Hernandez	1	CA9EE2E34F384E95A5FA26769C5864B8	1
358	v2118	ark	Francis				Hillsee	1	CA9EE2E34F384E95A5FA26769C5864B8	1
359	v2119	arm	Paula				Jarmul	1	CA9EE2E34F384E95A5FA26769C5864B8	1
360	v2120	art	Alexis	Tina			McLeod	1	CA9EE2E34F384E95A5FA26769C5864B8	1
361	v2121	ash	Guy	Mystil			III	1	CA9EE2E34F384E95A5FA26769C5864B8	1
362	v2122	ask	Devin				Nugyen	1	CA9EE2E34F384E95A5FA26769C5864B8	1
363	v2123	ate	Miaizabella				Nicasio	1	CA9EE2E34F384E95A5FA26769C5864B8	1
364	v2124	ave	Alina				Ortiz	1	CA9EE2E34F384E95A5FA26769C5864B8	1
365	v2125	awe	Siani				Pagan	1	CA9EE2E34F384E95A5FA26769C5864B8	1
366	v2126	axe	Edgardo				Rivera	1	CA9EE2E34F384E95A5FA26769C5864B8	1
367	v2127	aye	Chastity				Rivera	1	CA9EE2E34F384E95A5FA26769C5864B8	1
368	v2128	ays	Nicholas				Torres	1	CA9EE2E34F384E95A5FA26769C5864B8	1
369	v2129	baa	Jayzn				Vargas	1	CA9EE2E34F384E95A5FA26769C5864B8	1
370	v2130	bit	Kirian	Vargas			Calcano	1	CA9EE2E34F384E95A5FA26769C5864B8	1
371	v2131	bag	Lianna				Adames	1	CA9EE2E34F384E95A5FA26769C5864B8	1
372	v2132	bam	Guadalupe				Avalos	1	CA9EE2E34F384E95A5FA26769C5864B8	1
373	v2133	ban	Jesus	Avalos			Jr	1	CA9EE2E34F384E95A5FA26769C5864B8	1
374	v2134	bap	Mariah				Bristol	1	CA9EE2E34F384E95A5FA26769C5864B8	1
375	v2135	bar	Amairlys				Caseras	1	CA9EE2E34F384E95A5FA26769C5864B8	1
376	v2136	bat	Catherine				Cortez	1	CA9EE2E34F384E95A5FA26769C5864B8	1
377	v2137	bay	Samara				Cruz	1	CA9EE2E34F384E95A5FA26769C5864B8	1
378	v2138	bed	Millie				Delorbe	1	CA9EE2E34F384E95A5FA26769C5864B8	1
379	v2139	bee	Luz				Delvalle	1	CA9EE2E34F384E95A5FA26769C5864B8	1
380	v2140	beg	Kaydence				Dillon	1	CA9EE2E34F384E95A5FA26769C5864B8	1
381	v2141	ben	Brayner				Estevez	1	CA9EE2E34F384E95A5FA26769C5864B8	1
382	v2142	bet	Javier				Garcia	1	CA9EE2E34F384E95A5FA26769C5864B8	1
383	v2143	bib	Michael				German	1	CA9EE2E34F384E95A5FA26769C5864B8	1
384	v2144	bid	Bo				Greenfield	1	CA9EE2E34F384E95A5FA26769C5864B8	1
385	v2145	big	India	Mari	Izzard		Salas	1	CA9EE2E34F384E95A5FA26769C5864B8	1
386	v2146	bin	Wilgerleez	Mercedes			Marte	1	CA9EE2E34F384E95A5FA26769C5864B8	1
387	v2147	bio	Giaminh				Nuguyen	1	CA9EE2E34F384E95A5FA26769C5864B8	1
388	v2148	bio	Danny				Nguyen	1	CA9EE2E34F384E95A5FA26769C5864B8	1
389	v2149	bio	Javier				Oquendo	1	CA9EE2E34F384E95A5FA26769C5864B8	1
390	v2150	bio	Marcos				Perez	1	CA9EE2E34F384E95A5FA26769C5864B8	1
391	v2151	bio	Duy				Pham	1	CA9EE2E34F384E95A5FA26769C5864B8	1
392	v2152	bio	Reinayah				Ramos	1	CA9EE2E34F384E95A5FA26769C5864B8	1
393	v2153	bio	Israel				Santiago	1	CA9EE2E34F384E95A5FA26769C5864B8	1
394	v2154	bio	Jenavi				Severino	1	CA9EE2E34F384E95A5FA26769C5864B8	1
395	v2155	bio	Justin	Suchite			Velazquez	1	CA9EE2E34F384E95A5FA26769C5864B8	1
396	v2156	bio	Emilio				Tapia	1	CA9EE2E34F384E95A5FA26769C5864B8	1
397	v2201	ahh	Christopher				Barton	1	CA9EE2E34F384E95A5FA26769C5864B8	1
398	v2202	abc	Zuyanah				Berdicia	1	CA9EE2E34F384E95A5FA26769C5864B8	1
399	v2203	ace	Albert				Bobe	1	CA9EE2E34F384E95A5FA26769C5864B8	1
400	v2204	add	Jaavon				Brown	1	CA9EE2E34F384E95A5FA26769C5864B8	1
401	v2205	aft	Iris				Castro	1	CA9EE2E34F384E95A5FA26769C5864B8	1
402	v2206	ape	Jasmine				Castro	1	CA9EE2E34F384E95A5FA26769C5864B8	1
403	v2207	and	Leah				Castro	1	CA9EE2E34F384E95A5FA26769C5864B8	1
404	v2208	aim	Liany				Collado	1	CA9EE2E34F384E95A5FA26769C5864B8	1
405	v2209	aid	Michael				Do	1	CA9EE2E34F384E95A5FA26769C5864B8	1
406	v2210	air	Zabriana				Garro	1	CA9EE2E34F384E95A5FA26769C5864B8	1
407	v2211	all	Tanya				Lin	1	CA9EE2E34F384E95A5FA26769C5864B8	1
408	v2212	amp	Devin				Nguyen	1	CA9EE2E34F384E95A5FA26769C5864B8	1
409	v2213	ant	Ny				Nguyen	1	CA9EE2E34F384E95A5FA26769C5864B8	1
410	v2214	app	Jason				Nieves	1	CA9EE2E34F384E95A5FA26769C5864B8	1
411	v2215	apt	Jeremiah				Ortiz	1	CA9EE2E34F384E95A5FA26769C5864B8	1
412	v2216	arc	Anthony				Pham	1	CA9EE2E34F384E95A5FA26769C5864B8	1
413	v2217	arf	Kiera				Reilly	1	CA9EE2E34F384E95A5FA26769C5864B8	1
414	v2218	ark	Elijah				Rios	1	CA9EE2E34F384E95A5FA26769C5864B8	1
415	v2219	arm	Edgardo				Rivera	1	CA9EE2E34F384E95A5FA26769C5864B8	1
416	v2220	art	Madison				Rodriquez	1	CA9EE2E34F384E95A5FA26769C5864B8	1
417	v2221	ash	Adrian				Rodriquez	1	CA9EE2E34F384E95A5FA26769C5864B8	1
418	v2222	ask	Alejandro				Santiago	1	CA9EE2E34F384E95A5FA26769C5864B8	1
419	v2223	big	Selene				Torres	1	CA9EE2E34F384E95A5FA26769C5864B8	1
420	v2224	ave	Jennelyce				Valera	1	CA9EE2E34F384E95A5FA26769C5864B8	1
421	v2225	awe	Dominis				Zapata	1	CA9EE2E34F384E95A5FA26769C5864B8	1
422	v2226	axe	Marcus				Alicea	1	CA9EE2E34F384E95A5FA26769C5864B8	1
423	v2227	aye	Ailany				Asencio	1	CA9EE2E34F384E95A5FA26769C5864B8	1
424	v2228	ays	Luigi				Baez	1	CA9EE2E34F384E95A5FA26769C5864B8	1
425	v2229	baa	Mariah				Bristol	1	CA9EE2E34F384E95A5FA26769C5864B8	1
426	v2230	bit	Emilia				Burgos	1	CA9EE2E34F384E95A5FA26769C5864B8	1
427	v2231	bag	Yamel				Burgos	1	CA9EE2E34F384E95A5FA26769C5864B8	1
428	v2232	bam	Juan				Delarosa	1	CA9EE2E34F384E95A5FA26769C5864B8	1
429	v2233	ban	Luz				Delvalle	1	CA9EE2E34F384E95A5FA26769C5864B8	1
430	v2234	bap	LOuverture				Desamour	1	CA9EE2E34F384E95A5FA26769C5864B8	1
431	v2235	bar	Azavier				Gonzalez	1	CA9EE2E34F384E95A5FA26769C5864B8	1
432	v2236	bat	Maya				Jarmul	1	CA9EE2E34F384E95A5FA26769C5864B8	1
433	v2237	bay	Sean				Lopez	1	CA9EE2E34F384E95A5FA26769C5864B8	1
434	v2238	bed	Larissa				Mejia	1	CA9EE2E34F384E95A5FA26769C5864B8	1
435	v2239	bee	Paola				Montiel	1	CA9EE2E34F384E95A5FA26769C5864B8	1
436	v2240	beg	Michael				Moore	1	CA9EE2E34F384E95A5FA26769C5864B8	1
437	v2241	ben	Genesis				Morales	1	CA9EE2E34F384E95A5FA26769C5864B8	1
438	v2242	bet	Danny				Nguyen	1	CA9EE2E34F384E95A5FA26769C5864B8	1
439	v2243	bib	Giaminh				Nguyen	1	CA9EE2E34F384E95A5FA26769C5864B8	1
440	v2244	bid	Rodney				Montiz	1	CA9EE2E34F384E95A5FA26769C5864B8	1
441	v2245	big	Serenity				Montiz	1	CA9EE2E34F384E95A5FA26769C5864B8	1
442	v2246	bin	Serenity				Rodriquez	1	CA9EE2E34F384E95A5FA26769C5864B8	1
443	v2247	bio	Aiden				Smith	1	CA9EE2E34F384E95A5FA26769C5864B8	1
444	v2248	big	Haylee				Trinh	1	CA9EE2E34F384E95A5FA26769C5864B8	1
445	v2249	cat	Sashalynn				Alicea	1	CA9EE2E34F384E95A5FA26769C5864B8	1
446	v2250	bat	David				Andujar	1	CA9EE2E34F384E95A5FA26769C5864B8	1
447	v2251	hat	Rashad				Burgess	1	CA9EE2E34F384E95A5FA26769C5864B8	1
448	v2252	sat	Dan				Doan	1	CA9EE2E34F384E95A5FA26769C5864B8	1
449	v2253	bat	Jan				Gomez	1	CA9EE2E34F384E95A5FA26769C5864B8	1
450	v2254	cat	Imani				Hansberry	1	CA9EE2E34F384E95A5FA26769C5864B8	1
451	v2255	cat	Chloe				Mack	1	CA9EE2E34F384E95A5FA26769C5864B8	1
452	v2256	cat	Alyssa				Mao	1	CA9EE2E34F384E95A5FA26769C5864B8	1
453	v2257	sat	Lisnett				Nolasco	1	CA9EE2E34F384E95A5FA26769C5864B8	1
454	v2258	cat	Elmer				Peralta	1	CA9EE2E34F384E95A5FA26769C5864B8	1
455	v2259	bat	Ryan				Perfidio	1	CA9EE2E34F384E95A5FA26769C5864B8	1
456	v2260	cat	Aiden				Quin	1	CA9EE2E34F384E95A5FA26769C5864B8	1
457	v2261	bat	Connor				Rivera	1	CA9EE2E34F384E95A5FA26769C5864B8	1
458	v2262	cat	Giana				Rodriquez	1	CA9EE2E34F384E95A5FA26769C5864B8	1
459	v2263	cat	Ricardo				Santos	1	CA9EE2E34F384E95A5FA26769C5864B8	1
460	v2264	bat	Kristian				Serrano	1	CA9EE2E34F384E95A5FA26769C5864B8	1
461	v2265	cat	Mya				Torres	1	CA9EE2E34F384E95A5FA26769C5864B8	1
462	v2266	cat	Anna				Van	1	CA9EE2E34F384E95A5FA26769C5864B8	1
8	v1402	abs	Damyer				Batties	1	0CFFCBC851984A4281C23D34FC400445	1
9	v1403	ace	Johnson				Chieu	1	0CFFCBC851984A4281C23D34FC400445	1
10	v1404	add	Carina				Cintron	1	0CFFCBC851984A4281C23D34FC400445	1
11	v1405	aft	Edward	Clark			Jr	1	0CFFCBC851984A4281C23D34FC400445	1
12	v1406	ape	Michael				Colon	1	0CFFCBC851984A4281C23D34FC400445	1
13	v1407	and	Annalyse				Feliciano	1	0CFFCBC851984A4281C23D34FC400445	1
14	v1408	aim	Khayree				Hurst	1	0CFFCBC851984A4281C23D34FC400445	1
15	v1409	aid	Oscar	Lomeli			Avalos	1	0CFFCBC851984A4281C23D34FC400445	1
16	v1410	air	Alex	Lopez			Pineda	1	0CFFCBC851984A4281C23D34FC400445	1
17	v1411	all	Curtis				McCoy	1	0CFFCBC851984A4281C23D34FC400445	1
18	v1412	amp	Junior	Tommy			Nguyen	1	0CFFCBC851984A4281C23D34FC400445	1
19	v1413	ant	Richard				Nguyen	1	0CFFCBC851984A4281C23D34FC400445	1
20	v1414	app	Ashley				Norwood	1	0CFFCBC851984A4281C23D34FC400445	1
21	v1415	apt	Yamilex				Ortiz	1	0CFFCBC851984A4281C23D34FC400445	1
22	v1416	arc	Christina				Perez	1	0CFFCBC851984A4281C23D34FC400445	1
23	v1417	arf	Melanie				Posada	1	0CFFCBC851984A4281C23D34FC400445	1
24	v1418	ark	Briana				Poulterer	1	0CFFCBC851984A4281C23D34FC400445	1
25	v1419	arm	Darien				Quinones	1	0CFFCBC851984A4281C23D34FC400445	1
26	v1420	art	Roberto				Ramos	1	0CFFCBC851984A4281C23D34FC400445	1
27	v1421	ash	Jasmin				Rivera	1	0CFFCBC851984A4281C23D34FC400445	1
28	v1422	ask	Cindy				Trinidad	1	0CFFCBC851984A4281C23D34FC400445	1
29	v1423	ate	Jasibel				Vasquez-Gonzalez	1	0CFFCBC851984A4281C23D34FC400445	1
30	v1424	ave	Andres				Adames	1	0CFFCBC851984A4281C23D34FC400445	1
31	v1425	awe	Nashyra				Burgess	1	0CFFCBC851984A4281C23D34FC400445	1
32	v1426	axe	Jose				Burgos	1	0CFFCBC851984A4281C23D34FC400445	1
33	v1427	aye	Lucilenny				Florentino	1	0CFFCBC851984A4281C23D34FC400445	1
34	v1428	ays	Frailyn				Francisco	1	0CFFCBC851984A4281C23D34FC400445	1
35	v1429	baa	Kastiani	Gonzalez			Solano	1	0CFFCBC851984A4281C23D34FC400445	1
36	v1430	bit	Johnny				Hua	1	0CFFCBC851984A4281C23D34FC400445	1
37	v1431	bag	Shu				Lin	1	0CFFCBC851984A4281C23D34FC400445	1
38	v1432	bam	Jennifer				Morales	1	0CFFCBC851984A4281C23D34FC400445	1
39	v1433	ban	Rafael				Ortiz	1	0CFFCBC851984A4281C23D34FC400445	1
40	v1434	bap	Caroline				Pena	1	0CFFCBC851984A4281C23D34FC400445	1
41	v1435	bar	Jason				Ramirez	1	0CFFCBC851984A4281C23D34FC400445	1
42	v1436	bat	Tiffany				Ramirez	1	0CFFCBC851984A4281C23D34FC400445	1
43	v1437	bay	Tommy				Ramos	1	0CFFCBC851984A4281C23D34FC400445	1
44	v1438	bed	Martin				Redanauer	1	0CFFCBC851984A4281C23D34FC400445	1
45	v1439	bee	Joseph				Rivera	1	0CFFCBC851984A4281C23D34FC400445	1
46	v1440	beg	Alexis				Rodriquez	1	0CFFCBC851984A4281C23D34FC400445	1
47	v1441	ben	Emanuel				Rodriquez	1	0CFFCBC851984A4281C23D34FC400445	1
48	v1442	bet	Isaura				Sanguinetti	1	0CFFCBC851984A4281C23D34FC400445	1
49	v1443	bib	Vitylia				Santigo	1	0CFFCBC851984A4281C23D34FC400445	1
50	v1444	bid	Kylik				Taylor	1	0CFFCBC851984A4281C23D34FC400445	1
51	v1445	big	Luis				Torres	1	0CFFCBC851984A4281C23D34FC400445	1
52	v1446	bin	Caroline				Trinidad	1	0CFFCBC851984A4281C23D34FC400445	1
53	v1447	bee	Mayralee				Maldonado	1	0CFFCBC851984A4281C23D34FC400445	1
78	v1525	awe	Neshaiyah				Loney	1	0CFFCBC851984A4281C23D34FC400445	1
79	v1526	axe	Luis				Maldonado	1	0CFFCBC851984A4281C23D34FC400445	1
80	v1527	aye	Ashley				Meregildo	1	0CFFCBC851984A4281C23D34FC400445	1
81	v1528	ays	An				Nguyen	1	0CFFCBC851984A4281C23D34FC400445	1
82	v1529	baa	Marilee				Reyes	1	0CFFCBC851984A4281C23D34FC400445	1
83	v1530	bit	Nathaniel				Rivera	1	0CFFCBC851984A4281C23D34FC400445	1
84	v1531	bag	Christian				Rojas	1	0CFFCBC851984A4281C23D34FC400445	1
85	v1532	bam	Christina	Marie			Santana	1	0CFFCBC851984A4281C23D34FC400445	1
86	v1533	ban	Joseph				Wetherill	1	0CFFCBC851984A4281C23D34FC400445	1
87	v1534	bag	Chuong				Pham	1	0CFFCBC851984A4281C23D34FC400445	1
88	v1535	bat	Deja				Mason	1	0CFFCBC851984A4281C23D34FC400445	1
89	v1536	bat	Hunter				Doan	1	0CFFCBC851984A4281C23D34FC400445	1
155	v1722	ask	Jonathan	E			Torres	1	0CFFCBC851984A4281C23D34FC400445	1
156	v1723	ate	Nataly				Torres	1	0CFFCBC851984A4281C23D34FC400445	1
157	v1724	ave	Wilson				Torres	1	0CFFCBC851984A4281C23D34FC400445	1
158	v1725	awe	Tattianna				Zelaya	1	0CFFCBC851984A4281C23D34FC400445	1
159	v1726	axe	Jonathan	A			Torres	1	0CFFCBC851984A4281C23D34FC400445	1
160	v1727	aye	Yassel				Baez	1	0CFFCBC851984A4281C23D34FC400445	1
161	v1728	ays	Marina				Burgos	1	0CFFCBC851984A4281C23D34FC400445	1
162	v1729	baa	Richard				Cintron	1	0CFFCBC851984A4281C23D34FC400445	1
163	v1730	bit	Aryana				Colon	1	0CFFCBC851984A4281C23D34FC400445	1
164	v1731	bag	Meira				Coston	1	0CFFCBC851984A4281C23D34FC400445	1
165	v1732	bam	Ollie				Days	1	0CFFCBC851984A4281C23D34FC400445	1
166	v1733	ban	Louis				Delvalle	1	0CFFCBC851984A4281C23D34FC400445	1
167	v1734	bap	Britney				Do	1	0CFFCBC851984A4281C23D34FC400445	1
168	v1735	bar	Jack				Flynn	1	0CFFCBC851984A4281C23D34FC400445	1
169	v1736	bat	Gisselle				Gerena	1	0CFFCBC851984A4281C23D34FC400445	1
170	v1737	bay	Nicholas				Gonzalez	1	0CFFCBC851984A4281C23D34FC400445	1
171	v1738	bed	Nicole				Gonzalez	1	0CFFCBC851984A4281C23D34FC400445	1
172	v1739	bee	Serenity				Haley	1	0CFFCBC851984A4281C23D34FC400445	1
173	v1740	beg	Gianna				Hernandez	1	0CFFCBC851984A4281C23D34FC400445	1
174	v1741	ben	Sameer				Hill	1	0CFFCBC851984A4281C23D34FC400445	1
175	v1742	bet	Jason				Hua	1	0CFFCBC851984A4281C23D34FC400445	1
176	v1743	bib	Natavia				Lewis	1	0CFFCBC851984A4281C23D34FC400445	1
177	v1744	bid	Najalie				Medina	1	0CFFCBC851984A4281C23D34FC400445	1
178	v1745	big	Annalley				Portillo	1	0CFFCBC851984A4281C23D34FC400445	1
179	v1746	bin	Jorden				Richards	1	0CFFCBC851984A4281C23D34FC400445	1
180	v1747	bip	Jaslin				Seck	1	0CFFCBC851984A4281C23D34FC400445	1
181	v1748	bip	Vy				Nuguyen	1	0CFFCBC851984A4281C23D34FC400445	1
182	v1749	bio	William				Santana	1	0CFFCBC851984A4281C23D34FC400445	1
183	v1750	bit	Floridei				Jovel	1	0CFFCBC851984A4281C23D34FC400445	1
184	v1751	bin	Calvin				Nguyen	1	0CFFCBC851984A4281C23D34FC400445	1
185	v1752	bin	Alexander				Nguyen	1	0CFFCBC851984A4281C23D34FC400445	1
120	v1631	bag	Robert				Hiciano	1	0CFFCBC851984A4281C23D34FC400445	1
121	v1632	bam	Destiny				Knight	1	0CFFCBC851984A4281C23D34FC400445	1
122	v1633	ban	Francis	Lowry			III	1	0CFFCBC851984A4281C23D34FC400445	1
123	v1634	bap	Destiny	Ngo			Maysonet	1	0CFFCBC851984A4281C23D34FC400445	1
124	v1635	bar	Randy				Nguyen	1	0CFFCBC851984A4281C23D34FC400445	1
125	v1636	bat	Andres				Perez	1	0CFFCBC851984A4281C23D34FC400445	1
126	v1637	bay	Hailey				Ramirez	1	0CFFCBC851984A4281C23D34FC400445	1
127	v1638	bed	Anthony				Rivera	1	0CFFCBC851984A4281C23D34FC400445	1
128	v1639	bee	Alexandra				Rodriguez	1	0CFFCBC851984A4281C23D34FC400445	1
129	v1642	bet	Anna				Truong	1	0CFFCBC851984A4281C23D34FC400445	1
130	v1643	bit	Amber				Diaz	1	0CFFCBC851984A4281C23D34FC400445	1
131	v1644	bit	Marcos				Alexander	1	0CFFCBC851984A4281C23D34FC400445	1
132	v1645	bit	Bryan				Doan	1	0CFFCBC851984A4281C23D34FC400445	1
133	v1646	bit	Sandra				Nguyen	1	0CFFCBC851984A4281C23D34FC400445	1
289	v1953	cat	Lyanelis				Oquendo	1	0CFFCBC851984A4281C23D34FC400445	1
\.


--
-- Name: users_id_seq; Type: SEQUENCE SET; Schema: public; Owner: postgres
--

SELECT pg_catalog.setval('users_id_seq', 462, true);


--
-- Name: error_log_pkey; Type: CONSTRAINT; Schema: public; Owner: postgres; Tablespace: 
--

ALTER TABLE ONLY error_log
    ADD CONSTRAINT error_log_pkey PRIMARY KEY (id);


--
-- Name: learning_standards_id_key; Type: CONSTRAINT; Schema: public; Owner: postgres; Tablespace: 
--

ALTER TABLE ONLY learning_standards
    ADD CONSTRAINT learning_standards_id_key UNIQUE (id);


--
-- Name: learning_standards_ref_id_key; Type: CONSTRAINT; Schema: public; Owner: postgres; Tablespace: 
--

ALTER TABLE ONLY learning_standards
    ADD CONSTRAINT learning_standards_ref_id_key UNIQUE (ref_id);


--
-- Name: learningstandards_refid_key; Type: CONSTRAINT; Schema: public; Owner: postgres; Tablespace: 
--

ALTER TABLE ONLY learningstandards
    ADD CONSTRAINT learningstandards_refid_key UNIQUE (refid);


--
-- Name: levelattempts_pkey; Type: CONSTRAINT; Schema: public; Owner: postgres; Tablespace: 
--

ALTER TABLE ONLY levelattempts
    ADD CONSTRAINT levelattempts_pkey PRIMARY KEY (id);


--
-- Name: passwords_password_key; Type: CONSTRAINT; Schema: public; Owner: postgres; Tablespace: 
--

ALTER TABLE ONLY passwords
    ADD CONSTRAINT passwords_password_key UNIQUE (password);


--
-- Name: passwords_pkey; Type: CONSTRAINT; Schema: public; Owner: postgres; Tablespace: 
--

ALTER TABLE ONLY passwords
    ADD CONSTRAINT passwords_pkey PRIMARY KEY (password);


--
-- Name: schools_pkey; Type: CONSTRAINT; Schema: public; Owner: postgres; Tablespace: 
--

ALTER TABLE ONLY schools
    ADD CONSTRAINT schools_pkey PRIMARY KEY (id);


--
-- Name: schools_school_name_key; Type: CONSTRAINT; Schema: public; Owner: postgres; Tablespace: 
--

ALTER TABLE ONLY schools
    ADD CONSTRAINT schools_school_name_key UNIQUE (school_name);


--
-- Name: students_pkey; Type: CONSTRAINT; Schema: public; Owner: postgres; Tablespace: 
--

ALTER TABLE ONLY students
    ADD CONSTRAINT students_pkey PRIMARY KEY (id);


--
-- Name: teachers_pkey; Type: CONSTRAINT; Schema: public; Owner: postgres; Tablespace: 
--

ALTER TABLE ONLY teachers
    ADD CONSTRAINT teachers_pkey PRIMARY KEY (id);


--
-- Name: users_pkey; Type: CONSTRAINT; Schema: public; Owner: postgres; Tablespace: 
--

ALTER TABLE ONLY users
    ADD CONSTRAINT users_pkey PRIMARY KEY (id);


--
-- Name: users_username_school_id_key; Type: CONSTRAINT; Schema: public; Owner: postgres; Tablespace: 
--

ALTER TABLE ONLY users
    ADD CONSTRAINT users_username_school_id_key UNIQUE (username, school_id);


--
-- Name: students_id_fkey; Type: FK CONSTRAINT; Schema: public; Owner: postgres
--

ALTER TABLE ONLY students
    ADD CONSTRAINT students_id_fkey FOREIGN KEY (id) REFERENCES users(id);


--
-- Name: teachers_id_fkey; Type: FK CONSTRAINT; Schema: public; Owner: postgres
--

ALTER TABLE ONLY teachers
    ADD CONSTRAINT teachers_id_fkey FOREIGN KEY (id) REFERENCES users(id);


--
-- Name: users_school_id_fkey; Type: FK CONSTRAINT; Schema: public; Owner: postgres
--

ALTER TABLE ONLY users
    ADD CONSTRAINT users_school_id_fkey FOREIGN KEY (school_id) REFERENCES schools(id);


--
-- Name: public; Type: ACL; Schema: -; Owner: postgres
--

REVOKE ALL ON SCHEMA public FROM PUBLIC;
REVOKE ALL ON SCHEMA public FROM postgres;
GRANT ALL ON SCHEMA public TO postgres;
GRANT ALL ON SCHEMA public TO PUBLIC;


--
-- PostgreSQL database dump complete
--

