--
-- PostgreSQL database dump
--

SET statement_timeout = 0;
SET client_encoding = 'UTF8';
SET standard_conforming_strings = on;
SET check_function_bodies = false;
SET client_min_messages = warning;

--
-- Name: plpgsql; Type: EXTENSION; Schema: -; Owner: 
--

CREATE EXTENSION IF NOT EXISTS plpgsql WITH SCHEMA pg_catalog;


--
-- Name: EXTENSION plpgsql; Type: COMMENT; Schema: -; Owner: 
--

COMMENT ON EXTENSION plpgsql IS 'PL/pgSQL procedural language';


SET search_path = public, pg_catalog;

SET default_tablespace = '';

SET default_with_oids = false;

--
-- Name: error_log; Type: TABLE; Schema: public; Owner: postgres; Tablespace: 
--

CREATE TABLE error_log (
    id integer NOT NULL,
    error text,
    error_time timestamp without time zone,
    username text
);


ALTER TABLE public.error_log OWNER TO postgres;

--
-- Name: error_log_id_seq; Type: SEQUENCE; Schema: public; Owner: postgres
--

CREATE SEQUENCE error_log_id_seq
    START WITH 1
    INCREMENT BY 1
    NO MINVALUE
    NO MAXVALUE
    CACHE 1;


ALTER TABLE public.error_log_id_seq OWNER TO postgres;

--
-- Name: error_log_id_seq; Type: SEQUENCE OWNED BY; Schema: public; Owner: postgres
--

ALTER SEQUENCE error_log_id_seq OWNED BY error_log.id;


--
-- Name: learning_standards; Type: TABLE; Schema: public; Owner: postgres; Tablespace: 
--

CREATE TABLE learning_standards (
    id text NOT NULL,
    ref_id text NOT NULL,
    progression numeric(9,3) NOT NULL,
    levels integer NOT NULL,
    standard text
);


ALTER TABLE public.learning_standards OWNER TO postgres;

--
-- Name: levelattempts; Type: TABLE; Schema: public; Owner: postgres; Tablespace: 
--

CREATE TABLE levelattempts (
    id integer NOT NULL,
    start_time timestamp without time zone,
    end_time timestamp without time zone,
    user_id integer NOT NULL,
    level integer NOT NULL,
    ref_id text NOT NULL,
    score integer DEFAULT 0 NOT NULL,
    time_warning boolean DEFAULT false NOT NULL,
    passed boolean DEFAULT false NOT NULL
);


ALTER TABLE public.levelattempts OWNER TO postgres;

--
-- Name: level_attempts_id_seq; Type: SEQUENCE; Schema: public; Owner: postgres
--

CREATE SEQUENCE level_attempts_id_seq
    START WITH 1
    INCREMENT BY 1
    NO MINVALUE
    NO MAXVALUE
    CACHE 1;


ALTER TABLE public.level_attempts_id_seq OWNER TO postgres;

--
-- Name: level_attempts_id_seq; Type: SEQUENCE OWNED BY; Schema: public; Owner: postgres
--

ALTER SEQUENCE level_attempts_id_seq OWNED BY levelattempts.id;


--
-- Name: level_transactions; Type: TABLE; Schema: public; Owner: postgres; Tablespace: 
--

CREATE TABLE level_transactions (
    id integer NOT NULL,
    transaction_time timestamp without time zone,
    user_id integer NOT NULL,
    level integer NOT NULL,
    ref_id text NOT NULL
);


ALTER TABLE public.level_transactions OWNER TO postgres;

--
-- Name: level_transactions_id_seq; Type: SEQUENCE; Schema: public; Owner: postgres
--

CREATE SEQUENCE level_transactions_id_seq
    START WITH 1
    INCREMENT BY 1
    NO MINVALUE
    NO MAXVALUE
    CACHE 1;


ALTER TABLE public.level_transactions_id_seq OWNER TO postgres;

--
-- Name: level_transactions_id_seq; Type: SEQUENCE OWNED BY; Schema: public; Owner: postgres
--

ALTER SEQUENCE level_transactions_id_seq OWNED BY level_transactions.id;


--
-- Name: passwords; Type: TABLE; Schema: public; Owner: postgres; Tablespace: 
--

CREATE TABLE passwords (
    id integer NOT NULL,
    password text NOT NULL
);


ALTER TABLE public.passwords OWNER TO postgres;

--
-- Name: passwords_id_seq; Type: SEQUENCE; Schema: public; Owner: postgres
--

CREATE SEQUENCE passwords_id_seq
    START WITH 1
    INCREMENT BY 1
    NO MINVALUE
    NO MAXVALUE
    CACHE 1;


ALTER TABLE public.passwords_id_seq OWNER TO postgres;

--
-- Name: passwords_id_seq; Type: SEQUENCE OWNED BY; Schema: public; Owner: postgres
--

ALTER SEQUENCE passwords_id_seq OWNED BY passwords.id;


--
-- Name: schools; Type: TABLE; Schema: public; Owner: postgres; Tablespace: 
--

CREATE TABLE schools (
    id integer NOT NULL,
    school_name text NOT NULL
);


ALTER TABLE public.schools OWNER TO postgres;

--
-- Name: schools_id_seq; Type: SEQUENCE; Schema: public; Owner: postgres
--

CREATE SEQUENCE schools_id_seq
    START WITH 1
    INCREMENT BY 1
    NO MINVALUE
    NO MAXVALUE
    CACHE 1;


ALTER TABLE public.schools_id_seq OWNER TO postgres;

--
-- Name: schools_id_seq; Type: SEQUENCE OWNED BY; Schema: public; Owner: postgres
--

ALTER SEQUENCE schools_id_seq OWNED BY schools.id;


--
-- Name: students; Type: TABLE; Schema: public; Owner: postgres; Tablespace: 
--

CREATE TABLE students (
    id integer NOT NULL,
    teacher_id integer
);


ALTER TABLE public.students OWNER TO postgres;

--
-- Name: teachers; Type: TABLE; Schema: public; Owner: postgres; Tablespace: 
--

CREATE TABLE teachers (
    id integer NOT NULL
);


ALTER TABLE public.teachers OWNER TO postgres;

--
-- Name: users; Type: TABLE; Schema: public; Owner: postgres; Tablespace: 
--

CREATE TABLE users (
    id integer NOT NULL,
    username text,
    password text,
    first_name text,
    middle_name1 text,
    middle_name2 text,
    middle_name3 text,
    last_name text,
    school_id integer NOT NULL,
    ref_id text DEFAULT 'CA9EE2E34F384E95A5FA26769C5864B8'::text NOT NULL,
    level integer DEFAULT 1 NOT NULL,
    failed_attempts integer DEFAULT 0 NOT NULL
);


ALTER TABLE public.users OWNER TO postgres;

--
-- Name: users_id_seq; Type: SEQUENCE; Schema: public; Owner: postgres
--

CREATE SEQUENCE users_id_seq
    START WITH 1
    INCREMENT BY 1
    NO MINVALUE
    NO MAXVALUE
    CACHE 1;


ALTER TABLE public.users_id_seq OWNER TO postgres;

--
-- Name: users_id_seq; Type: SEQUENCE OWNED BY; Schema: public; Owner: postgres
--

ALTER SEQUENCE users_id_seq OWNED BY users.id;


--
-- Name: id; Type: DEFAULT; Schema: public; Owner: postgres
--

ALTER TABLE ONLY error_log ALTER COLUMN id SET DEFAULT nextval('error_log_id_seq'::regclass);


--
-- Name: id; Type: DEFAULT; Schema: public; Owner: postgres
--

ALTER TABLE ONLY level_transactions ALTER COLUMN id SET DEFAULT nextval('level_transactions_id_seq'::regclass);


--
-- Name: id; Type: DEFAULT; Schema: public; Owner: postgres
--

ALTER TABLE ONLY levelattempts ALTER COLUMN id SET DEFAULT nextval('level_attempts_id_seq'::regclass);


--
-- Name: id; Type: DEFAULT; Schema: public; Owner: postgres
--

ALTER TABLE ONLY passwords ALTER COLUMN id SET DEFAULT nextval('passwords_id_seq'::regclass);


--
-- Name: id; Type: DEFAULT; Schema: public; Owner: postgres
--

ALTER TABLE ONLY schools ALTER COLUMN id SET DEFAULT nextval('schools_id_seq'::regclass);


--
-- Name: id; Type: DEFAULT; Schema: public; Owner: postgres
--

ALTER TABLE ONLY users ALTER COLUMN id SET DEFAULT nextval('users_id_seq'::regclass);


--
-- Data for Name: error_log; Type: TABLE DATA; Schema: public; Owner: postgres
--

COPY error_log (id, error, error_time, username) FROM stdin;
\.


--
-- Name: error_log_id_seq; Type: SEQUENCE SET; Schema: public; Owner: postgres
--

SELECT pg_catalog.setval('error_log_id_seq', 1, false);


--
-- Data for Name: learning_standards; Type: TABLE DATA; Schema: public; Owner: postgres
--

COPY learning_standards (id, ref_id, progression, levels, standard) FROM stdin;
\.


--
-- Name: level_attempts_id_seq; Type: SEQUENCE SET; Schema: public; Owner: postgres
--

SELECT pg_catalog.setval('level_attempts_id_seq', 50, true);


--
-- Data for Name: level_transactions; Type: TABLE DATA; Schema: public; Owner: postgres
--

COPY level_transactions (id, transaction_time, user_id, level, ref_id) FROM stdin;
\.


--
-- Name: level_transactions_id_seq; Type: SEQUENCE SET; Schema: public; Owner: postgres
--

SELECT pg_catalog.setval('level_transactions_id_seq', 13, true);


--
-- Data for Name: levelattempts; Type: TABLE DATA; Schema: public; Owner: postgres
--

COPY levelattempts (id, start_time, end_time, user_id, level, ref_id, score, time_warning, passed) FROM stdin;
15	2014-02-23 16:09:46.750506	\N	7	1	C11F30815A9C49B9A83B61A285EA11F9	0	f	f
16	2014-02-23 16:17:16.266218	\N	7	1	C11F30815A9C49B9A83B61A285EA11F9	0	f	f
17	2014-02-23 16:17:46.397004	\N	7	1	C11F30815A9C49B9A83B61A285EA11F9	0	f	f
18	2014-02-23 16:27:22.334001	2014-02-23 16:27:48.540284	7	1	C11F30815A9C49B9A83B61A285EA11F9	0	f	t
19	2014-02-23 16:38:58.11993	\N	7	2	C11F30815A9C49B9A83B61A285EA11F9	0	f	f
20	2014-02-23 16:39:32.751994	2014-02-23 16:39:50.499041	7	2	C11F30815A9C49B9A83B61A285EA11F9	0	f	t
21	2014-02-23 16:40:09.653988	\N	7	3	C11F30815A9C49B9A83B61A285EA11F9	0	f	f
22	2014-02-23 16:41:18.077672	\N	7	3	C11F30815A9C49B9A83B61A285EA11F9	0	f	f
23	2014-02-23 16:41:39.054519	\N	7	3	C11F30815A9C49B9A83B61A285EA11F9	0	f	f
24	2014-02-23 16:42:53.93895	\N	7	3	C11F30815A9C49B9A83B61A285EA11F9	0	f	f
25	2014-02-23 16:49:52.519141	\N	7	3	C11F30815A9C49B9A83B61A285EA11F9	0	f	f
26	2014-02-23 16:50:21.688232	\N	7	3	C11F30815A9C49B9A83B61A285EA11F9	0	f	f
27	2014-02-23 16:51:42.056516	\N	7	3	C11F30815A9C49B9A83B61A285EA11F9	0	f	f
28	2014-02-23 17:45:22.121233	\N	7	3	C11F30815A9C49B9A83B61A285EA11F9	0	f	f
29	2014-02-23 18:48:08.897147	\N	7	1	C712BAA86FEF4BFAB703AD2EB402B2DD	0	f	f
30	2014-02-23 20:40:52.755268	\N	7	1	7828B4F15ABD40E19EF14DDE0EB399DF	0	f	f
31	2014-02-23 21:51:59.184675	\N	7	1	C7ECD7455B7D46E89CF07EB8C0A2337A	0	f	f
32	2014-02-23 21:52:16.921867	\N	7	1	C7ECD7455B7D46E89CF07EB8C0A2337A	0	f	f
33	2014-02-23 21:53:45.589864	\N	7	1	C7ECD7455B7D46E89CF07EB8C0A2337A	0	f	f
34	2014-02-23 21:53:59.310508	\N	7	1	C7ECD7455B7D46E89CF07EB8C0A2337A	0	f	f
35	2014-02-23 22:09:50.269536	\N	7	1	C7ECD7455B7D46E89CF07EB8C0A2337A	0	f	f
36	2014-02-23 22:10:08.8495	\N	7	1	C7ECD7455B7D46E89CF07EB8C0A2337A	0	f	f
37	2014-02-23 22:11:19.374458	\N	7	1	C7ECD7455B7D46E89CF07EB8C0A2337A	0	f	f
38	2014-02-23 22:13:25.795075	\N	7	1	C7ECD7455B7D46E89CF07EB8C0A2337A	0	f	f
39	2014-02-23 22:18:23.527123	2014-02-23 22:18:43.75114	7	1	C7ECD7455B7D46E89CF07EB8C0A2337A	0	f	t
40	2014-02-23 22:26:41.727516	\N	7	2	C7ECD7455B7D46E89CF07EB8C0A2337A	0	f	f
41	2014-02-23 22:28:41.608983	\N	7	2	C7ECD7455B7D46E89CF07EB8C0A2337A	0	f	f
42	2014-02-24 16:52:06.814312	\N	7	1	9EC218587C01452C9EB49F52EB2DD1DD	0	f	f
43	2014-02-24 16:52:21.333207	\N	7	1	9EC218587C01452C9EB49F52EB2DD1DD	0	f	f
44	2014-02-24 16:54:03.418394	\N	7	1	0CFFCBC851984A4281C23D34FC400445	0	f	f
45	2014-02-24 16:55:22.458803	\N	7	1	ED150B29EFD14FF8B655FA3F2CA4FE6D	0	f	f
46	2014-02-24 16:58:24.777768	2014-02-24 16:58:42.855072	7	1	017AAEA9D22543A59A60C697FEBADD1B	0	f	t
47	2014-02-24 17:00:28.869977	2014-02-24 17:00:50.49248	7	1	C11F30815A9C49B9A83B61A285EA11F9	0	f	t
48	2014-02-24 17:01:04.330373	\N	7	2	C11F30815A9C49B9A83B61A285EA11F9	0	f	f
49	2014-02-24 17:01:45.860379	\N	7	1	C11F30815A9C49B9A83B61A285EA11F9	0	f	f
50	2014-02-24 17:02:05.670048	2014-02-24 17:02:23.444346	7	1	C11F30815A9C49B9A83B61A285EA11F9	0	f	t
\.


--
-- Data for Name: passwords; Type: TABLE DATA; Schema: public; Owner: postgres
--

COPY passwords (id, password) FROM stdin;
1	ahh
2	abs
3	ace
4	add
5	aft
6	ape
7	and
8	aim
9	aid
10	air
11	all
12	amp
13	ant
14	app
15	apt
16	arc
17	arf
18	ark
19	arm
20	art
21	ash
22	ask
23	ate
24	ave
25	awe
26	axe
27	aye
28	ays
\.


--
-- Name: passwords_id_seq; Type: SEQUENCE SET; Schema: public; Owner: postgres
--

SELECT pg_catalog.setval('passwords_id_seq', 28, true);


--
-- Data for Name: schools; Type: TABLE DATA; Schema: public; Owner: postgres
--

COPY schools (id, school_name) FROM stdin;
1	visitationbvm
\.


--
-- Name: schools_id_seq; Type: SEQUENCE SET; Schema: public; Owner: postgres
--

SELECT pg_catalog.setval('schools_id_seq', 1, true);


--
-- Data for Name: students; Type: TABLE DATA; Schema: public; Owner: postgres
--

COPY students (id, teacher_id) FROM stdin;
1	0
2	1
3	1
4	1
5	1
6	1
7	1
8	1
9	1
10	1
11	1
12	1
13	1
14	1
15	1
16	1
17	1
18	1
19	1
20	1
21	1
22	1
23	1
24	1
25	1
26	1
27	1
28	1
29	1
30	1
31	1
32	1
33	1
34	1
35	1
36	1
37	1
38	1
39	1
40	1
41	1
42	1
43	1
44	1
45	1
46	1
47	1
48	1
49	1
50	1
51	1
52	1
53	1
54	1
55	1
56	1
57	1
58	1
59	1
60	1
61	1
62	1
63	1
64	1
65	1
66	1
67	1
68	1
69	1
70	1
71	1
72	1
73	1
74	1
75	1
76	1
77	1
78	1
79	1
80	1
81	1
82	1
83	1
84	1
85	1
86	1
87	1
88	1
89	1
90	1
91	1
92	1
93	1
94	1
95	1
96	1
97	1
98	1
99	1
100	1
101	1
102	1
103	1
104	1
105	1
106	1
107	1
108	1
109	1
110	1
111	1
112	1
113	1
114	1
115	1
116	1
117	1
118	1
119	1
120	1
121	1
122	1
123	1
124	1
125	1
126	1
127	1
128	1
129	1
130	1
131	1
132	1
133	1
134	1
135	1
136	1
137	1
138	1
139	1
140	1
141	1
142	1
143	1
144	1
145	1
146	1
147	1
148	1
149	1
150	1
151	1
152	1
153	1
154	1
155	1
156	1
157	1
158	1
159	1
160	1
161	1
162	1
163	1
164	1
165	1
166	1
167	1
168	1
169	1
170	1
171	1
172	1
173	1
174	1
175	1
176	1
177	1
178	1
179	1
180	1
181	1
182	1
183	1
184	1
185	1
186	1
187	1
188	1
189	1
190	1
191	1
192	1
193	1
194	1
195	1
196	1
197	1
198	1
199	1
200	1
201	1
202	1
203	1
204	1
205	1
206	1
207	1
208	1
209	1
210	1
211	1
212	1
213	1
214	1
215	1
216	1
217	1
218	1
219	1
220	1
221	1
222	1
223	1
224	1
225	1
226	1
227	1
228	1
229	1
230	1
231	1
232	1
233	1
234	1
235	1
236	1
237	1
238	1
239	1
240	1
241	1
242	1
243	1
244	1
245	1
246	1
247	1
248	1
249	1
250	1
251	1
252	1
253	1
254	1
255	1
256	1
257	1
258	1
259	1
260	1
261	1
262	1
263	1
264	1
265	1
266	1
267	1
268	1
269	1
270	1
271	1
272	1
273	1
274	1
275	1
276	1
277	1
278	1
279	1
280	1
281	1
282	1
283	1
284	1
285	1
286	1
287	1
288	1
289	1
290	1
291	1
292	1
293	1
294	1
295	1
296	1
297	1
298	1
299	1
300	1
301	1
302	1
303	1
304	1
305	1
306	1
307	1
308	1
309	1
310	1
311	1
312	1
313	1
314	1
315	1
316	1
317	1
318	1
319	1
320	1
321	1
322	1
323	1
324	1
325	1
326	1
327	1
328	1
329	1
330	1
331	1
332	1
333	1
334	1
335	1
336	1
337	1
338	1
339	1
340	1
341	1
342	1
343	1
344	1
345	1
346	1
347	1
348	1
349	1
350	1
351	1
352	1
353	1
354	1
355	1
356	1
357	1
358	1
359	1
360	1
361	1
362	1
363	1
364	1
365	1
366	1
367	1
368	1
369	1
370	1
371	1
372	1
373	1
374	1
375	1
376	1
377	1
378	1
379	1
380	1
381	1
382	1
383	1
384	1
385	1
386	1
387	1
388	1
389	1
390	1
391	1
392	1
393	1
394	1
395	1
396	1
397	1
398	1
399	1
400	1
401	1
402	1
403	1
404	1
405	1
406	1
407	1
408	1
409	1
410	1
411	1
412	1
413	1
414	1
415	1
416	1
417	1
418	1
419	1
420	1
421	1
422	1
423	1
424	1
425	1
426	1
427	1
428	1
429	1
430	1
431	1
432	1
433	1
434	1
435	1
436	1
437	1
438	1
439	1
440	1
441	1
442	1
443	1
444	1
445	1
446	1
447	1
448	1
449	1
450	1
451	1
452	1
453	1
454	1
455	1
456	1
457	1
458	1
459	1
460	1
461	1
462	1
463	1
464	1
465	1
466	1
467	1
468	1
469	1
470	1
471	1
472	1
473	1
474	1
475	1
476	1
477	1
478	1
479	1
480	1
481	1
482	1
483	1
484	1
485	1
486	1
487	1
488	1
489	1
490	1
491	1
492	1
493	1
494	1
495	1
496	1
497	1
498	1
499	1
500	1
501	1
502	1
503	1
504	1
505	1
506	1
507	1
508	1
509	1
510	1
511	1
512	1
513	1
514	1
515	1
516	1
517	1
518	1
519	1
520	1
521	1
522	1
523	1
524	1
525	1
526	1
527	1
528	1
529	1
530	1
531	1
532	1
533	1
534	1
535	1
536	1
537	1
538	1
539	1
540	1
541	1
542	1
543	1
544	1
545	1
546	1
547	1
548	1
549	1
550	1
551	1
552	1
553	1
554	1
555	1
556	1
557	1
558	1
559	1
560	1
561	1
562	1
563	1
564	1
565	1
566	1
567	1
568	1
569	1
570	1
571	1
572	1
573	1
574	1
575	1
576	1
577	1
578	1
579	1
580	1
581	1
582	1
583	1
584	1
585	1
586	1
587	1
588	1
589	1
590	1
591	1
592	1
593	1
594	1
595	1
596	1
597	1
598	1
599	1
600	1
601	1
602	1
603	1
604	1
605	1
606	1
607	1
608	1
609	1
610	1
611	1
612	1
613	1
614	1
615	1
616	1
617	1
618	1
619	1
620	1
621	1
622	1
623	1
624	1
625	1
626	1
627	1
628	1
629	1
630	1
631	1
632	1
633	1
634	1
635	1
636	1
637	1
638	1
639	1
640	1
641	1
642	1
643	1
644	1
645	1
646	1
647	1
648	1
649	1
650	1
651	1
652	1
653	1
654	1
655	1
656	1
657	1
658	1
659	1
660	1
661	1
662	1
663	1
664	1
665	1
666	1
667	1
668	1
669	1
670	1
671	1
672	1
673	1
674	1
675	1
676	1
677	1
678	1
679	1
680	1
681	1
682	1
683	1
684	1
685	1
686	1
687	1
688	1
689	1
690	1
691	1
692	1
693	1
694	1
695	1
696	1
697	1
698	1
699	1
700	1
701	1
702	1
703	1
704	1
705	1
706	1
707	1
708	1
709	1
710	1
711	1
712	1
713	1
714	1
715	1
716	1
717	1
718	1
719	1
720	1
721	1
722	1
723	1
724	1
725	1
726	1
727	1
728	1
729	1
730	1
731	1
732	1
733	1
734	1
735	1
736	1
737	1
738	1
739	1
740	1
741	1
742	1
743	1
744	1
745	1
746	1
747	1
748	1
749	1
750	1
751	1
752	1
753	1
754	1
755	1
756	1
757	1
758	1
759	1
760	1
\.


--
-- Data for Name: teachers; Type: TABLE DATA; Schema: public; Owner: postgres
--

COPY teachers (id) FROM stdin;
1
\.


--
-- Data for Name: users; Type: TABLE DATA; Schema: public; Owner: postgres
--

COPY users (id, username, password, first_name, middle_name1, middle_name2, middle_name3, last_name, school_id, ref_id, level, failed_attempts) FROM stdin;
747	v2486	cat	New				Student	1	C815B29CD8F546BBBB4C647B9D163942	1	0
748	v2487	cat	New				Student	1	C815B29CD8F546BBBB4C647B9D163942	1	0
1	root	Paul_1768	\N	\N	\N	\N	\N	1	C815B29CD8F546BBBB4C647B9D163942	1	0
2	k	k					kindergarten	1	C815B29CD8F546BBBB4C647B9D163942	1	0
3	jbreslin	Iggles_13	Jim				Breslin	1	C815B29CD8F546BBBB4C647B9D163942	1	0
4	v1202	bio	Jim				Roache	1	C815B29CD8F546BBBB4C647B9D163942	1	0
5	v1203	bio	Sister				Terri	1	C815B29CD8F546BBBB4C647B9D163942	1	0
6	v1204	bio	Sister				Margaret	1	C815B29CD8F546BBBB4C647B9D163942	1	0
8	v1402	abs	Damyer				Batties	1	C815B29CD8F546BBBB4C647B9D163942	1	0
9	v1403	ace	Johnson				Chieu	1	C815B29CD8F546BBBB4C647B9D163942	1	0
10	v1404	add	Carina				Cintron	1	C815B29CD8F546BBBB4C647B9D163942	1	0
11	v1405	aft	Edward	Clark			Jr	1	C815B29CD8F546BBBB4C647B9D163942	1	0
12	v1406	ape	Michael				Colon	1	C815B29CD8F546BBBB4C647B9D163942	1	0
13	v1407	and	Annalyse				Feliciano	1	C815B29CD8F546BBBB4C647B9D163942	1	0
14	v1408	aim	Khayree				Hurst	1	C815B29CD8F546BBBB4C647B9D163942	1	0
15	v1409	aid	Oscar	Lomeli			Avalos	1	C815B29CD8F546BBBB4C647B9D163942	1	0
16	v1410	air	Alex	Lopez			Pineda	1	C815B29CD8F546BBBB4C647B9D163942	1	0
17	v1411	all	Curtis				McCoy	1	C815B29CD8F546BBBB4C647B9D163942	1	0
18	v1412	amp	Junior	Tommy			Nguyen	1	C815B29CD8F546BBBB4C647B9D163942	1	0
19	v1413	ant	Richard				Nguyen	1	C815B29CD8F546BBBB4C647B9D163942	1	0
20	v1414	app	Ashley				Norwood	1	C815B29CD8F546BBBB4C647B9D163942	1	0
21	v1415	apt	Yamilex				Ortiz	1	C815B29CD8F546BBBB4C647B9D163942	1	0
22	v1416	arc	Christina				Perez	1	C815B29CD8F546BBBB4C647B9D163942	1	0
23	v1417	arf	Melanie				Posada	1	C815B29CD8F546BBBB4C647B9D163942	1	0
24	v1418	ark	Briana				Poulterer	1	C815B29CD8F546BBBB4C647B9D163942	1	0
25	v1419	arm	Darien				Quinones	1	C815B29CD8F546BBBB4C647B9D163942	1	0
26	v1420	art	Roberto				Ramos	1	C815B29CD8F546BBBB4C647B9D163942	1	0
27	v1421	ash	Jasmin				Rivera	1	C815B29CD8F546BBBB4C647B9D163942	1	0
28	v1422	ask	Cindy				Trinidad	1	C815B29CD8F546BBBB4C647B9D163942	1	0
29	v1423	ate	Jasibel				Vasquez-Gonzalez	1	C815B29CD8F546BBBB4C647B9D163942	1	0
30	v1424	ave	Andres				Adames	1	C815B29CD8F546BBBB4C647B9D163942	1	0
31	v1425	awe	Nashyra				Burgess	1	C815B29CD8F546BBBB4C647B9D163942	1	0
32	v1426	axe	Jose				Burgos	1	C815B29CD8F546BBBB4C647B9D163942	1	0
33	v1427	aye	Lucilenny				Florentino	1	C815B29CD8F546BBBB4C647B9D163942	1	0
34	v1428	ays	Frailyn				Francisco	1	C815B29CD8F546BBBB4C647B9D163942	1	0
35	v1429	baa	Kastiani	Gonzalez			Solano	1	C815B29CD8F546BBBB4C647B9D163942	1	0
36	v1430	bit	Johnny				Hua	1	C815B29CD8F546BBBB4C647B9D163942	1	0
37	v1431	bag	Shu				Lin	1	C815B29CD8F546BBBB4C647B9D163942	1	0
38	v1432	bam	Jennifer				Morales	1	C815B29CD8F546BBBB4C647B9D163942	1	0
39	v1433	ban	Rafael				Ortiz	1	C815B29CD8F546BBBB4C647B9D163942	1	0
40	v1434	bap	Caroline				Pena	1	C815B29CD8F546BBBB4C647B9D163942	1	0
41	v1435	bar	Jason				Ramirez	1	C815B29CD8F546BBBB4C647B9D163942	1	0
42	v1436	bat	Tiffany				Ramirez	1	C815B29CD8F546BBBB4C647B9D163942	1	0
43	v1437	bay	Tommy				Ramos	1	C815B29CD8F546BBBB4C647B9D163942	1	0
44	v1438	bed	Martin				Redanauer	1	C815B29CD8F546BBBB4C647B9D163942	1	0
45	v1439	bee	Joseph				Rivera	1	C815B29CD8F546BBBB4C647B9D163942	1	0
46	v1440	beg	Alexis				Rodriquez	1	C815B29CD8F546BBBB4C647B9D163942	1	0
47	v1441	ben	Emanuel				Rodriquez	1	C815B29CD8F546BBBB4C647B9D163942	1	0
48	v1442	bet	Isaura				Sanguinetti	1	C815B29CD8F546BBBB4C647B9D163942	1	0
49	v1443	bib	Vitylia				Santigo	1	C815B29CD8F546BBBB4C647B9D163942	1	0
50	v1444	bid	Kylik				Taylor	1	C815B29CD8F546BBBB4C647B9D163942	1	0
51	v1445	big	Luis				Torres	1	C815B29CD8F546BBBB4C647B9D163942	1	0
749	v2488	cat	New				Student	1	C815B29CD8F546BBBB4C647B9D163942	1	0
52	v1446	bin	Caroline				Trinidad	1	C815B29CD8F546BBBB4C647B9D163942	1	0
53	v1447	bee	Mayralee				Maldonado	1	C815B29CD8F546BBBB4C647B9D163942	1	0
54	v1501	ahh	Keaira				Archie	1	C815B29CD8F546BBBB4C647B9D163942	1	0
55	v1502	abs	Jacin				Aviles	1	C815B29CD8F546BBBB4C647B9D163942	1	0
56	v1503	ace	Tony				Boose	1	C815B29CD8F546BBBB4C647B9D163942	1	0
57	v1504	add	Tiara				Bounyarith	1	C815B29CD8F546BBBB4C647B9D163942	1	0
58	v1505	aft	Ledys				Chavez	1	C815B29CD8F546BBBB4C647B9D163942	1	0
59	v1506	ape	Natalie				Colon	1	C815B29CD8F546BBBB4C647B9D163942	1	0
60	v1507	and	Pablo	Manuel			Diaz	1	C815B29CD8F546BBBB4C647B9D163942	1	0
61	v1508	aim	Dang	Thanh			Duong	1	C815B29CD8F546BBBB4C647B9D163942	1	0
62	v1509	aid	Eliannie				Figueroa	1	C815B29CD8F546BBBB4C647B9D163942	1	0
63	v1510	air	Thomas				Flynn	1	C815B29CD8F546BBBB4C647B9D163942	1	0
64	v1511	all	Alexandria	Luz			Medina	1	C815B29CD8F546BBBB4C647B9D163942	1	0
65	v1512	amp	Javier				Morales	1	C815B29CD8F546BBBB4C647B9D163942	1	0
66	v1513	ant	Destiny				Nunez	1	C815B29CD8F546BBBB4C647B9D163942	1	0
67	v1514	app	Kelly				Pickering	1	C815B29CD8F546BBBB4C647B9D163942	1	0
68	v1515	apt	Miguel				Reyes	1	C815B29CD8F546BBBB4C647B9D163942	1	0
69	v1516	arc	Christopher				Rivera	1	C815B29CD8F546BBBB4C647B9D163942	1	0
70	v1517	arf	Rajah				Williams	1	C815B29CD8F546BBBB4C647B9D163942	1	0
71	v1518	ark	Pamela				Bonifacio	1	C815B29CD8F546BBBB4C647B9D163942	1	0
72	v1519	arm	Marlon				Castillo	1	C815B29CD8F546BBBB4C647B9D163942	1	0
73	v1520	art	Kiara				Figuereo	1	C815B29CD8F546BBBB4C647B9D163942	1	0
74	v1521	ash	Nicole				Garcia	1	C815B29CD8F546BBBB4C647B9D163942	1	0
75	v1522	ask	Kiara				Gomez	1	C815B29CD8F546BBBB4C647B9D163942	1	0
76	v1523	ate	Nicola				Izzard	1	C815B29CD8F546BBBB4C647B9D163942	1	0
77	v1524	ave	Howard				Jiang	1	C815B29CD8F546BBBB4C647B9D163942	1	0
78	v1525	awe	Neshaiyah				Loney	1	C815B29CD8F546BBBB4C647B9D163942	1	0
79	v1526	axe	Luis				Maldonado	1	C815B29CD8F546BBBB4C647B9D163942	1	0
80	v1527	aye	Ashley				Meregildo	1	C815B29CD8F546BBBB4C647B9D163942	1	0
81	v1528	ays	An				Nguyen	1	C815B29CD8F546BBBB4C647B9D163942	1	0
82	v1529	baa	Marilee				Reyes	1	C815B29CD8F546BBBB4C647B9D163942	1	0
83	v1530	bit	Nathaniel				Rivera	1	C815B29CD8F546BBBB4C647B9D163942	1	0
84	v1531	bag	Christian				Rojas	1	C815B29CD8F546BBBB4C647B9D163942	1	0
85	v1532	bam	Christina	Marie			Santana	1	C815B29CD8F546BBBB4C647B9D163942	1	0
86	v1533	ban	Joseph				Wetherill	1	C815B29CD8F546BBBB4C647B9D163942	1	0
87	v1534	bag	Chuong				Pham	1	C815B29CD8F546BBBB4C647B9D163942	1	0
88	v1535	bat	Deja				Mason	1	C815B29CD8F546BBBB4C647B9D163942	1	0
89	v1536	bat	Hunter				Doan	1	C815B29CD8F546BBBB4C647B9D163942	1	0
90	v1537	bat	New				Student	1	C815B29CD8F546BBBB4C647B9D163942	1	0
91	v1538	bat	New				Student	1	C815B29CD8F546BBBB4C647B9D163942	1	0
92	v1539	bat	New				Student	1	C815B29CD8F546BBBB4C647B9D163942	1	0
93	v1540	bat	New				Student	1	C815B29CD8F546BBBB4C647B9D163942	1	0
94	v1541	bat	New				Student	1	C815B29CD8F546BBBB4C647B9D163942	1	0
95	v1542	bat	New				Student	1	C815B29CD8F546BBBB4C647B9D163942	1	0
96	v1543	bat	New				Student	1	C815B29CD8F546BBBB4C647B9D163942	1	0
97	v1544	bat	New				Student	1	C815B29CD8F546BBBB4C647B9D163942	1	0
98	v1545	bat	New				Student	1	C815B29CD8F546BBBB4C647B9D163942	1	0
99	v1601	ahh	Ruben				Avalos	1	C815B29CD8F546BBBB4C647B9D163942	1	0
100	v1602	abs	Paula	Barbot			Santana	1	C815B29CD8F546BBBB4C647B9D163942	1	0
101	v1603	ace	Gregory				Dillon	1	C815B29CD8F546BBBB4C647B9D163942	1	0
102	v1604	add	Shaun				Doyle	1	C815B29CD8F546BBBB4C647B9D163942	1	0
103	v1605	aft	Joshua				Figueroa	1	C815B29CD8F546BBBB4C647B9D163942	1	0
104	v1606	ape	Diosmairi				Gonzalez	1	C815B29CD8F546BBBB4C647B9D163942	1	0
105	v1607	and	Emely				Jimenez	1	C815B29CD8F546BBBB4C647B9D163942	1	0
106	v1608	aim	Genesis				Jimenez	1	C815B29CD8F546BBBB4C647B9D163942	1	0
107	v1609	aid	Sharon				Kelly	1	C815B29CD8F546BBBB4C647B9D163942	1	0
108	v1610	air	Maximo				Lebron	1	C815B29CD8F546BBBB4C647B9D163942	1	0
109	v1611	all	William				Lewandowski	1	C815B29CD8F546BBBB4C647B9D163942	1	0
110	v1612	amp	Jonathan				Mejia	1	C815B29CD8F546BBBB4C647B9D163942	1	0
111	v1613	ant	Magalis				Mota	1	C815B29CD8F546BBBB4C647B9D163942	1	0
112	v1614	app	Thanh				Nguyen	1	C815B29CD8F546BBBB4C647B9D163942	1	0
113	v1615	apt	Maria				Nolasco	1	C815B29CD8F546BBBB4C647B9D163942	1	0
114	v1616	arc	Thuy				Pham	1	C815B29CD8F546BBBB4C647B9D163942	1	0
115	v1617	arf	Timothy				Poulterer	1	C815B29CD8F546BBBB4C647B9D163942	1	0
116	v1618	ark	Zachary				Quinones	1	C815B29CD8F546BBBB4C647B9D163942	1	0
117	v1619	arm	Ryan				Ramirez	1	C815B29CD8F546BBBB4C647B9D163942	1	0
118	v1620	art	Ciara				Skinner	1	C815B29CD8F546BBBB4C647B9D163942	1	0
119	v1621	ash	Sasha				Vidro	1	C815B29CD8F546BBBB4C647B9D163942	1	0
120	v1622	ask	Christopher	Campverde			Pacheco	1	C815B29CD8F546BBBB4C647B9D163942	1	0
121	v1623	ate	Lily				Chieu	1	C815B29CD8F546BBBB4C647B9D163942	1	0
122	v1624	ave	Lukas				Cruz	1	C815B29CD8F546BBBB4C647B9D163942	1	0
123	v1625	awe	Layani				Fermin	1	C815B29CD8F546BBBB4C647B9D163942	1	0
124	v1626	axe	Alexandria				Furlow	1	C815B29CD8F546BBBB4C647B9D163942	1	0
125	v1627	aye	Abigale				Gibson	1	C815B29CD8F546BBBB4C647B9D163942	1	0
126	v1628	ays	Andre				Gonzalez	1	C815B29CD8F546BBBB4C647B9D163942	1	0
127	v1629	baa	Timothy				Gordon	1	C815B29CD8F546BBBB4C647B9D163942	1	0
128	v1630	bit	Wylid				Harmon	1	C815B29CD8F546BBBB4C647B9D163942	1	0
129	v1631	bag	Robert				Hiciano	1	C815B29CD8F546BBBB4C647B9D163942	1	0
130	v1632	bam	Destiny				Knight	1	C815B29CD8F546BBBB4C647B9D163942	1	0
131	v1633	ban	Francis	Lowry			III	1	C815B29CD8F546BBBB4C647B9D163942	1	0
132	v1634	bap	Destiny	Ngo			Maysonet	1	C815B29CD8F546BBBB4C647B9D163942	1	0
133	v1635	bar	Randy				Nguyen	1	C815B29CD8F546BBBB4C647B9D163942	1	0
134	v1636	bat	Andres				Perez	1	C815B29CD8F546BBBB4C647B9D163942	1	0
135	v1637	bay	Hailey				Ramirez	1	C815B29CD8F546BBBB4C647B9D163942	1	0
136	v1638	bed	Anthony				Rivera	1	C815B29CD8F546BBBB4C647B9D163942	1	0
137	v1639	bee	Alexandra				Rodriguez	1	C815B29CD8F546BBBB4C647B9D163942	1	0
138	v1642	bet	Anna				Truong	1	C815B29CD8F546BBBB4C647B9D163942	1	0
139	v1643	bit	Amber				Diaz	1	C815B29CD8F546BBBB4C647B9D163942	1	0
140	v1644	bit	Marcos				Alexander	1	C815B29CD8F546BBBB4C647B9D163942	1	0
141	v1645	bit	Bryan				Doan	1	C815B29CD8F546BBBB4C647B9D163942	1	0
142	v1646	bit	Sandra				Nguyen	1	C815B29CD8F546BBBB4C647B9D163942	1	0
143	v1647	bit	New				Student	1	C815B29CD8F546BBBB4C647B9D163942	1	0
144	v1648	bit	New				Student	1	C815B29CD8F546BBBB4C647B9D163942	1	0
145	v1649	bit	New				Student	1	C815B29CD8F546BBBB4C647B9D163942	1	0
146	v1650	bit	New				Student	1	C815B29CD8F546BBBB4C647B9D163942	1	0
147	v1651	bit	New				Student	1	C815B29CD8F546BBBB4C647B9D163942	1	0
148	v1652	bit	New				Student	1	C815B29CD8F546BBBB4C647B9D163942	1	0
149	v1653	bit	New				Student	1	C815B29CD8F546BBBB4C647B9D163942	1	0
150	v1654	bit	New				Student	1	C815B29CD8F546BBBB4C647B9D163942	1	0
151	v1655	bit	New				Student	1	C815B29CD8F546BBBB4C647B9D163942	1	0
152	v1656	bit	New				Student	1	C815B29CD8F546BBBB4C647B9D163942	1	0
153	v1657	bit	New				Student	1	C815B29CD8F546BBBB4C647B9D163942	1	0
154	v1701	ahh	Jared				Alston	1	C815B29CD8F546BBBB4C647B9D163942	1	0
155	v1702	abs	Celine				Beltran	1	C815B29CD8F546BBBB4C647B9D163942	1	0
156	v1703	ace	Tytiona				Booker	1	C815B29CD8F546BBBB4C647B9D163942	1	0
157	v1704	add	Donte				Burton	1	C815B29CD8F546BBBB4C647B9D163942	1	0
158	v1705	aft	Brandon				Castillo	1	C815B29CD8F546BBBB4C647B9D163942	1	0
159	v1706	ape	Waleska	Chaves			Quesada	1	C815B29CD8F546BBBB4C647B9D163942	1	0
160	v1707	and	Joshua	Dela			Cruz	1	C815B29CD8F546BBBB4C647B9D163942	1	0
161	v1708	aim	Ciennali				Gonzalez	1	C815B29CD8F546BBBB4C647B9D163942	1	0
162	v1709	aid	Genesis				Gonzalez	1	C815B29CD8F546BBBB4C647B9D163942	1	0
163	v1710	air	Angie				Gutierrez	1	C815B29CD8F546BBBB4C647B9D163942	1	0
164	v1711	all	Justine				Jones	1	C815B29CD8F546BBBB4C647B9D163942	1	0
165	v1712	amp	Jaden				Jordan	1	C815B29CD8F546BBBB4C647B9D163942	1	0
166	v1713	ant	Jesse	Magobet			Jr	1	C815B29CD8F546BBBB4C647B9D163942	1	0
167	v1714	app	Jordan				Medina	1	C815B29CD8F546BBBB4C647B9D163942	1	0
168	v1715	apt	Paola	Munoz			Navarro	1	C815B29CD8F546BBBB4C647B9D163942	1	0
169	v1716	arc	Tamthu				Nguyen	1	C815B29CD8F546BBBB4C647B9D163942	1	0
170	v1717	arf	Chaneli				Nolasco	1	C815B29CD8F546BBBB4C647B9D163942	1	0
171	v1718	ark	Aidan				Ramirez	1	C815B29CD8F546BBBB4C647B9D163942	1	0
172	v1719	arm	Victor				Rivera	1	C815B29CD8F546BBBB4C647B9D163942	1	0
173	v1720	art	Evelyn				Rivera	1	C815B29CD8F546BBBB4C647B9D163942	1	0
174	v1721	ash	Samir				Sullivan	1	C815B29CD8F546BBBB4C647B9D163942	1	0
175	v1722	ask	Jonathan	E			Torres	1	C815B29CD8F546BBBB4C647B9D163942	1	0
176	v1723	ate	Nataly				Torres	1	C815B29CD8F546BBBB4C647B9D163942	1	0
177	v1724	ave	Wilson				Torres	1	C815B29CD8F546BBBB4C647B9D163942	1	0
178	v1725	awe	Tattianna				Zelaya	1	C815B29CD8F546BBBB4C647B9D163942	1	0
179	v1726	axe	Jonathan	A			Torres	1	C815B29CD8F546BBBB4C647B9D163942	1	0
180	v1727	aye	Yassel				Baez	1	C815B29CD8F546BBBB4C647B9D163942	1	0
181	v1728	ays	Marina				Burgos	1	C815B29CD8F546BBBB4C647B9D163942	1	0
182	v1729	baa	Richard				Cintron	1	C815B29CD8F546BBBB4C647B9D163942	1	0
183	v1730	bit	Aryana				Colon	1	C815B29CD8F546BBBB4C647B9D163942	1	0
184	v1731	bag	Meira				Coston	1	C815B29CD8F546BBBB4C647B9D163942	1	0
185	v1732	bam	Ollie				Days	1	C815B29CD8F546BBBB4C647B9D163942	1	0
186	v1733	ban	Louis				Delvalle	1	C815B29CD8F546BBBB4C647B9D163942	1	0
187	v1734	bap	Britney				Do	1	C815B29CD8F546BBBB4C647B9D163942	1	0
188	v1735	bar	Jack				Flynn	1	C815B29CD8F546BBBB4C647B9D163942	1	0
189	v1736	bat	Gisselle				Gerena	1	C815B29CD8F546BBBB4C647B9D163942	1	0
190	v1737	bay	Nicholas				Gonzalez	1	C815B29CD8F546BBBB4C647B9D163942	1	0
191	v1738	bed	Nicole				Gonzalez	1	C815B29CD8F546BBBB4C647B9D163942	1	0
192	v1739	bee	Serenity				Haley	1	C815B29CD8F546BBBB4C647B9D163942	1	0
193	v1740	beg	Gianna				Hernandez	1	C815B29CD8F546BBBB4C647B9D163942	1	0
194	v1741	ben	Sameer				Hill	1	C815B29CD8F546BBBB4C647B9D163942	1	0
195	v1742	bet	Jason				Hua	1	C815B29CD8F546BBBB4C647B9D163942	1	0
196	v1743	bib	Natavia				Lewis	1	C815B29CD8F546BBBB4C647B9D163942	1	0
197	v1744	bid	Najalie				Medina	1	C815B29CD8F546BBBB4C647B9D163942	1	0
198	v1745	big	Annalley				Portillo	1	C815B29CD8F546BBBB4C647B9D163942	1	0
199	v1746	bin	Jorden				Richards	1	C815B29CD8F546BBBB4C647B9D163942	1	0
200	v1747	bip	Jaslin				Seck	1	C815B29CD8F546BBBB4C647B9D163942	1	0
201	v1748	bip	Vy				Nuguyen	1	C815B29CD8F546BBBB4C647B9D163942	1	0
202	v1749	bio	William				Santana	1	C815B29CD8F546BBBB4C647B9D163942	1	0
203	v1750	bit	Floridei				Jovel	1	C815B29CD8F546BBBB4C647B9D163942	1	0
204	v1751	bin	Calvin				Nguyen	1	C815B29CD8F546BBBB4C647B9D163942	1	0
205	v1752	bin	Alexander				Nguyen	1	C815B29CD8F546BBBB4C647B9D163942	1	0
206	v1753	bin	New				Student	1	C815B29CD8F546BBBB4C647B9D163942	1	0
207	v1754	bin	New				Student	1	C815B29CD8F546BBBB4C647B9D163942	1	0
208	v1755	bin	New				Student	1	C815B29CD8F546BBBB4C647B9D163942	1	0
209	v1756	bin	New				Student	1	C815B29CD8F546BBBB4C647B9D163942	1	0
210	v1757	bin	New				Student	1	C815B29CD8F546BBBB4C647B9D163942	1	0
211	v1758	bin	New				Student	1	C815B29CD8F546BBBB4C647B9D163942	1	0
212	v1759	bin	New				Student	1	C815B29CD8F546BBBB4C647B9D163942	1	0
213	v1760	bin	New				Student	1	C815B29CD8F546BBBB4C647B9D163942	1	0
214	v1761	bin	New				Student	1	C815B29CD8F546BBBB4C647B9D163942	1	0
215	v1762	bin	New				Student	1	C815B29CD8F546BBBB4C647B9D163942	1	0
216	v1763	bin	New				Student	1	C815B29CD8F546BBBB4C647B9D163942	1	0
217	v1801	ahh	Juan				Ayala	1	C815B29CD8F546BBBB4C647B9D163942	1	0
218	v1802	abs	Lanya				Bell	1	C815B29CD8F546BBBB4C647B9D163942	1	0
219	v1803	ace	Angel				Bernardy	1	C815B29CD8F546BBBB4C647B9D163942	1	0
220	v1804	add	Daniel				Diaz	1	C815B29CD8F546BBBB4C647B9D163942	1	0
221	v1805	aft	Stephanie				Donato	1	C815B29CD8F546BBBB4C647B9D163942	1	0
222	v1806	ape	Desmond				Dowling	1	C815B29CD8F546BBBB4C647B9D163942	1	0
223	v1807	and	Fabiana				Fred	1	C815B29CD8F546BBBB4C647B9D163942	1	0
224	v1808	aim	Ledyn				Gonzalez	1	C815B29CD8F546BBBB4C647B9D163942	1	0
225	v1809	aid	Jonathan	Guerrero			Melchor	1	C815B29CD8F546BBBB4C647B9D163942	1	0
226	v1810	air	Isael				Jimenez	1	C815B29CD8F546BBBB4C647B9D163942	1	0
227	v1811	all	Jenny				Le	1	C815B29CD8F546BBBB4C647B9D163942	1	0
228	v1812	amp	Nicholas				Lewandowski	1	C815B29CD8F546BBBB4C647B9D163942	1	0
229	v1813	ant	Victor				Luna	1	C815B29CD8F546BBBB4C647B9D163942	1	0
230	v1814	app	Christopher				Martinez	1	C815B29CD8F546BBBB4C647B9D163942	1	0
231	v1815	apt	Miguel				Martinez	1	C815B29CD8F546BBBB4C647B9D163942	1	0
232	v1816	arc	Milagros				Mejia	1	C815B29CD8F546BBBB4C647B9D163942	1	0
233	v1817	arf	Christina				Negron	1	C815B29CD8F546BBBB4C647B9D163942	1	0
234	v1818	ark	Minh	Tai			Nguyen	1	C815B29CD8F546BBBB4C647B9D163942	1	0
235	v1819	arm	Charil				Nolasco	1	C815B29CD8F546BBBB4C647B9D163942	1	0
236	v1820	art	Brian				Ramos	1	C815B29CD8F546BBBB4C647B9D163942	1	0
237	v1821	ash	Ashley				Rivera	1	C815B29CD8F546BBBB4C647B9D163942	1	0
238	v1822	ask	Serenety				Rivera	1	C815B29CD8F546BBBB4C647B9D163942	1	0
239	v1823	ate	Adrian				Terrero	1	C815B29CD8F546BBBB4C647B9D163942	1	0
240	v1824	ave	Cecilia				Valentin	1	C815B29CD8F546BBBB4C647B9D163942	1	0
241	v1825	awe	Adriana				Burgos	1	C815B29CD8F546BBBB4C647B9D163942	1	0
242	v1826	axe	Leilani				Burgos	1	C815B29CD8F546BBBB4C647B9D163942	1	0
243	v1827	aye	Fernando	Cargua			Buestan	1	C815B29CD8F546BBBB4C647B9D163942	1	0
244	v1828	ays	Miguel				Collazo	1	C815B29CD8F546BBBB4C647B9D163942	1	0
245	v1829	baa	Karina				Cotto	1	C815B29CD8F546BBBB4C647B9D163942	1	0
246	v1830	bit	Jefferson				Delorbe	1	C815B29CD8F546BBBB4C647B9D163942	1	0
247	v1831	bag	Reece	Gibson			Gonzalez	1	C815B29CD8F546BBBB4C647B9D163942	1	0
248	v1832	bam	Halle				Jimenez	1	C815B29CD8F546BBBB4C647B9D163942	1	0
249	v1833	ban	Vivian				Le	1	C815B29CD8F546BBBB4C647B9D163942	1	0
250	v1834	bap	Richard				Lillo	1	C815B29CD8F546BBBB4C647B9D163942	1	0
251	v1835	bar	Wei				Lin	1	C815B29CD8F546BBBB4C647B9D163942	1	0
252	v1836	bat	Israel				Lugo	1	C815B29CD8F546BBBB4C647B9D163942	1	0
253	v1837	bay	Makel				Martin	1	C815B29CD8F546BBBB4C647B9D163942	1	0
254	v1838	bed	Elias				Merced	1	C815B29CD8F546BBBB4C647B9D163942	1	0
255	v1839	bee	Valerie				Montiel	1	C815B29CD8F546BBBB4C647B9D163942	1	0
256	v1840	beg	Ai	Nhi			Nguyen	1	C815B29CD8F546BBBB4C647B9D163942	1	0
257	v1841	ben	Juliza				Portillo	1	C815B29CD8F546BBBB4C647B9D163942	1	0
258	v1842	bet	Jacelynne	Quinones			Castro	1	C815B29CD8F546BBBB4C647B9D163942	1	0
259	v1843	bib	Markus				Richards	1	C815B29CD8F546BBBB4C647B9D163942	1	0
260	v1844	bid	Joel	Rivera			Jr	1	C815B29CD8F546BBBB4C647B9D163942	1	0
261	v1845	big	Brianna				Rodriquez	1	C815B29CD8F546BBBB4C647B9D163942	1	0
262	v1846	bin	Joshua				Rojas	1	C815B29CD8F546BBBB4C647B9D163942	1	0
263	v1847	bin	Abrianna				Santiago	1	C815B29CD8F546BBBB4C647B9D163942	1	0
264	v1848	bin	Christopher				Serrano	1	C815B29CD8F546BBBB4C647B9D163942	1	0
265	v1849	bin	Terrell				Wood	1	C815B29CD8F546BBBB4C647B9D163942	1	0
266	v1850	bit	Ashanti				Lopez	1	C815B29CD8F546BBBB4C647B9D163942	1	0
267	v1851	bit	Bangelis				Cosma	1	C815B29CD8F546BBBB4C647B9D163942	1	0
268	v1852	bat	Jose				Jimenez	1	C815B29CD8F546BBBB4C647B9D163942	1	0
269	v1853	bat	Scott				Nguyen	1	C815B29CD8F546BBBB4C647B9D163942	1	0
270	v1854	bat	New				Student	1	C815B29CD8F546BBBB4C647B9D163942	1	0
271	v1855	bat	New				Student	1	C815B29CD8F546BBBB4C647B9D163942	1	0
272	v1856	bat	New				Student	1	C815B29CD8F546BBBB4C647B9D163942	1	0
273	v1857	bat	New				Student	1	C815B29CD8F546BBBB4C647B9D163942	1	0
274	v1858	bat	New				Student	1	C815B29CD8F546BBBB4C647B9D163942	1	0
275	v1859	bat	New				Student	1	C815B29CD8F546BBBB4C647B9D163942	1	0
276	v1860	bat	New				Student	1	C815B29CD8F546BBBB4C647B9D163942	1	0
277	v1861	bat	New				Student	1	C815B29CD8F546BBBB4C647B9D163942	1	0
278	v1862	bat	New				Student	1	C815B29CD8F546BBBB4C647B9D163942	1	0
279	v1901	ahh	Angelis				Bernardy	1	C815B29CD8F546BBBB4C647B9D163942	1	0
280	v1902	abs	Julio				Bristol	1	C815B29CD8F546BBBB4C647B9D163942	1	0
281	v1903	ace	Rafael	Cargua			Buestan	1	C815B29CD8F546BBBB4C647B9D163942	1	0
282	v1904	add	Alexander				Caseres	1	C815B29CD8F546BBBB4C647B9D163942	1	0
283	v1905	aft	Luis				Caseres	1	C815B29CD8F546BBBB4C647B9D163942	1	0
284	v1906	ape	Tam				Lee	1	C815B29CD8F546BBBB4C647B9D163942	1	0
285	v1907	and	Lesly				Ceballos	1	C815B29CD8F546BBBB4C647B9D163942	1	0
286	v1908	aim	Bryan				Delorbe	1	C815B29CD8F546BBBB4C647B9D163942	1	0
287	v1909	aid	Daniel				DelRosario	1	C815B29CD8F546BBBB4C647B9D163942	1	0
288	v1910	air	Phoenix				Diaz	1	C815B29CD8F546BBBB4C647B9D163942	1	0
289	v1911	all	Christ				Guzman	1	C815B29CD8F546BBBB4C647B9D163942	1	0
290	v1912	amp	Destiny				Haley	1	C815B29CD8F546BBBB4C647B9D163942	1	0
291	v1913	ant	Diveah				Henry	1	C815B29CD8F546BBBB4C647B9D163942	1	0
292	v1914	app	Adam				Moore	1	C815B29CD8F546BBBB4C647B9D163942	1	0
293	v1915	apt	Jose				Morales	1	C815B29CD8F546BBBB4C647B9D163942	1	0
294	v1916	arc	Rachel				Nguyen	1	C815B29CD8F546BBBB4C647B9D163942	1	0
295	v1917	arf	Richel				Nunez	1	C815B29CD8F546BBBB4C647B9D163942	1	0
296	v1918	ark	Dasha				Rios	1	C815B29CD8F546BBBB4C647B9D163942	1	0
297	v1919	arm	Erik				Sanchez	1	C815B29CD8F546BBBB4C647B9D163942	1	0
298	v1920	art	Jaslin	Vasquez			Gonzalez	1	C815B29CD8F546BBBB4C647B9D163942	1	0
299	v1921	ash	Brandon				Alston	1	C815B29CD8F546BBBB4C647B9D163942	1	0
300	v1922	ask	Lily				Billarrial	1	C815B29CD8F546BBBB4C647B9D163942	1	0
301	v1923	bot	Luke				Breslin	1	C815B29CD8F546BBBB4C647B9D163942	1	0
302	v1924	ave	Genesis				Castro	1	C815B29CD8F546BBBB4C647B9D163942	1	0
303	v1925	awe	Edwin	Colon			III	1	C815B29CD8F546BBBB4C647B9D163942	1	0
304	v1926	axe	Carlos				Diaz	1	C815B29CD8F546BBBB4C647B9D163942	1	0
305	v1927	aye	Zamantha				Garro	1	C815B29CD8F546BBBB4C647B9D163942	1	0
306	v1928	ays	Gabriella	Gibson			Gonzalez	1	C815B29CD8F546BBBB4C647B9D163942	1	0
307	v1929	baa	James				Harris	1	C815B29CD8F546BBBB4C647B9D163942	1	0
308	v1930	bit	Matthew	Lampert			Dimperio	1	C815B29CD8F546BBBB4C647B9D163942	1	0
309	v1931	bag	Mya				Lowry	1	C815B29CD8F546BBBB4C647B9D163942	1	0
310	v1932	bam	Isabel				Lugo	1	C815B29CD8F546BBBB4C647B9D163942	1	0
311	v1933	ban	Jada				Mack	1	C815B29CD8F546BBBB4C647B9D163942	1	0
312	v1934	bap	Carleigh				Marsilio	1	C815B29CD8F546BBBB4C647B9D163942	1	0
313	v1935	bar	Lamanh				Nguyen	1	C815B29CD8F546BBBB4C647B9D163942	1	0
314	v1936	bat	Tamthi				Nguyen	1	C815B29CD8F546BBBB4C647B9D163942	1	0
315	v1937	bay	Nicholas	Nguyen			Do	1	C815B29CD8F546BBBB4C647B9D163942	1	0
316	v1938	bed	Aldo				Rodriguez	1	C815B29CD8F546BBBB4C647B9D163942	1	0
317	v1939	bee	Joshua				Rojas	1	C815B29CD8F546BBBB4C647B9D163942	1	0
318	v1940	beg	Ricardo				Taveras	1	C815B29CD8F546BBBB4C647B9D163942	1	0
319	v1941	ben	Quan				Tran	1	C815B29CD8F546BBBB4C647B9D163942	1	0
320	v1942	bet	Imani				Velazquez	1	C815B29CD8F546BBBB4C647B9D163942	1	0
321	v1943	bib	Michael				Zelaya	1	C815B29CD8F546BBBB4C647B9D163942	1	0
322	v1944	big	Ethan				Garcia	1	C815B29CD8F546BBBB4C647B9D163942	1	0
323	v1945	big	Carlos				Jovel	1	C815B29CD8F546BBBB4C647B9D163942	1	0
324	v1946	bag	Suzi				Lin	1	C815B29CD8F546BBBB4C647B9D163942	1	0
325	v1947	bet	Astrid				Cordero	1	C815B29CD8F546BBBB4C647B9D163942	1	0
326	v1948	ben	Christian				Perez	1	C815B29CD8F546BBBB4C647B9D163942	1	0
327	v1949	abc	Omar				Balouch	1	C815B29CD8F546BBBB4C647B9D163942	1	0
328	v1950	bat	Nathaniel				Hamilton	1	C815B29CD8F546BBBB4C647B9D163942	1	0
329	v1951	cat	Ahmir				Porter	1	C815B29CD8F546BBBB4C647B9D163942	1	0
330	v1952	cat	Joseph				Mejia	1	C815B29CD8F546BBBB4C647B9D163942	1	0
331	v1953	cat	Lyanelis				Oquendo	1	C815B29CD8F546BBBB4C647B9D163942	1	0
332	v1954	cat	New				Student	1	C815B29CD8F546BBBB4C647B9D163942	1	0
333	v1955	cat	New				Student	1	C815B29CD8F546BBBB4C647B9D163942	1	0
334	v1956	cat	New				Student	1	C815B29CD8F546BBBB4C647B9D163942	1	0
335	v1957	cat	New				Student	1	C815B29CD8F546BBBB4C647B9D163942	1	0
336	v1958	cat	New				Student	1	C815B29CD8F546BBBB4C647B9D163942	1	0
337	v1959	cat	New				Student	1	C815B29CD8F546BBBB4C647B9D163942	1	0
338	v1960	cat	New				Student	1	C815B29CD8F546BBBB4C647B9D163942	1	0
339	v1961	cat	New				Student	1	C815B29CD8F546BBBB4C647B9D163942	1	0
340	v1962	cat	New				Student	1	C815B29CD8F546BBBB4C647B9D163942	1	0
341	v2001	ahh	Yandel				Alvarez	1	C815B29CD8F546BBBB4C647B9D163942	1	0
342	v2002	abs	Shadir				Brown	1	C815B29CD8F546BBBB4C647B9D163942	1	0
343	v2003	ace	Eliyah				Clark	1	C815B29CD8F546BBBB4C647B9D163942	1	0
344	v2004	add	Richard	Compres			Taveras	1	C815B29CD8F546BBBB4C647B9D163942	1	0
345	v2005	aft	Amirrah				Conde	1	C815B29CD8F546BBBB4C647B9D163942	1	0
346	v2006	ape	Patrick				Daly	1	C815B29CD8F546BBBB4C647B9D163942	1	0
347	v2007	and	Leanny				Delacruz	1	C815B29CD8F546BBBB4C647B9D163942	1	0
348	v2008	aim	Elijah				Desamour	1	C815B29CD8F546BBBB4C647B9D163942	1	0
349	v2009	aid	Allessandra				Lilo	1	C815B29CD8F546BBBB4C647B9D163942	1	0
350	v2010	air	Lamir				Moore	1	C815B29CD8F546BBBB4C647B9D163942	1	0
351	v2011	all	Brianna	Munoz			Navarro	1	C815B29CD8F546BBBB4C647B9D163942	1	0
352	v2012	amp	Gabriella				Mystil	1	C815B29CD8F546BBBB4C647B9D163942	1	0
353	v2013	ant	Devin				Nguyen	1	C815B29CD8F546BBBB4C647B9D163942	1	0
354	v2014	app	He				Nguyen	1	C815B29CD8F546BBBB4C647B9D163942	1	0
355	v2015	apt	Frank	Nguyen			Do	1	C815B29CD8F546BBBB4C647B9D163942	1	0
356	v2016	arc	Jordan				Pipkin	1	C815B29CD8F546BBBB4C647B9D163942	1	0
357	v2017	arf	Unique				Rodriquez	1	C815B29CD8F546BBBB4C647B9D163942	1	0
358	v2018	ark	Alex				Santiago	1	C815B29CD8F546BBBB4C647B9D163942	1	0
359	v2019	arm	Jesus				Terreforte	1	C815B29CD8F546BBBB4C647B9D163942	1	0
360	v2020	art	Donathan				Truong	1	C815B29CD8F546BBBB4C647B9D163942	1	0
361	v2021	ash	Alex				Acevedo	1	C815B29CD8F546BBBB4C647B9D163942	1	0
362	v2022	ask	Zeannalie				Bobe	1	C815B29CD8F546BBBB4C647B9D163942	1	0
363	v2023	ate	Desiray				Cartegna	1	C815B29CD8F546BBBB4C647B9D163942	1	0
364	v2024	ave	Jasnelly				Castillo	1	C815B29CD8F546BBBB4C647B9D163942	1	0
365	v2025	awe	Randy				Ceballos	1	C815B29CD8F546BBBB4C647B9D163942	1	0
366	v2026	axe	Jason	Compres			Taveras	1	C815B29CD8F546BBBB4C647B9D163942	1	0
367	v2027	aye	Crystal				Conway	1	C815B29CD8F546BBBB4C647B9D163942	1	0
368	v2028	ays	Antonio				Delvalle	1	C815B29CD8F546BBBB4C647B9D163942	1	0
369	v2029	baa	Jaelynn				Garcia	1	C815B29CD8F546BBBB4C647B9D163942	1	0
370	v2030	bit	Christian				Gonzalez	1	C815B29CD8F546BBBB4C647B9D163942	1	0
371	v2031	bag	Daniel				Le	1	C815B29CD8F546BBBB4C647B9D163942	1	0
372	v2032	bam	Lymari				Loftus	1	C815B29CD8F546BBBB4C647B9D163942	1	0
373	v2033	ban	Lilah				Martinez	1	C815B29CD8F546BBBB4C647B9D163942	1	0
374	v2034	bap	Joshua				Mcafee	1	C815B29CD8F546BBBB4C647B9D163942	1	0
375	v2035	bar	Faith				Mendendez	1	C815B29CD8F546BBBB4C647B9D163942	1	0
376	v2036	bat	Adrianna				Morales	1	C815B29CD8F546BBBB4C647B9D163942	1	0
377	v2037	bay	Diego				Morales	1	C815B29CD8F546BBBB4C647B9D163942	1	0
378	v2038	bed	Danny				Nguyen	1	C815B29CD8F546BBBB4C647B9D163942	1	0
379	v2039	bee	Chaveliz	Reyes			Pacheco	1	C815B29CD8F546BBBB4C647B9D163942	1	0
380	v2040	beg	Kalah				Rosario	1	C815B29CD8F546BBBB4C647B9D163942	1	0
381	v2041	ben	Alexis				Sanchez	1	C815B29CD8F546BBBB4C647B9D163942	1	0
382	v2042	bet	Antonio				Santiago	1	C815B29CD8F546BBBB4C647B9D163942	1	0
383	v2043	bib	Isis				Torres	1	C815B29CD8F546BBBB4C647B9D163942	1	0
384	v2044	bib	Jaden				Camillo	1	C815B29CD8F546BBBB4C647B9D163942	1	0
385	v2045	bib	Allan				Ortiz	1	C815B29CD8F546BBBB4C647B9D163942	1	0
386	v2046	bib	Mariah				Alicea	1	C815B29CD8F546BBBB4C647B9D163942	1	0
387	v2047	bib	Shawnese				Kervin	1	C815B29CD8F546BBBB4C647B9D163942	1	0
388	v2048	bib	Bre				Rivera	1	C815B29CD8F546BBBB4C647B9D163942	1	0
389	v2049	bib	Hugh				Lin	1	C815B29CD8F546BBBB4C647B9D163942	1	0
390	v2050	cat	David				Amigon	1	C815B29CD8F546BBBB4C647B9D163942	1	0
391	v2051	cat	Aryana				Rosario	1	C815B29CD8F546BBBB4C647B9D163942	1	0
392	v2052	cat	New				Student	1	C815B29CD8F546BBBB4C647B9D163942	1	0
393	v2053	cat	New				Student	1	C815B29CD8F546BBBB4C647B9D163942	1	0
394	v2054	cat	New				Student	1	C815B29CD8F546BBBB4C647B9D163942	1	0
395	v2055	cat	New				Student	1	C815B29CD8F546BBBB4C647B9D163942	1	0
396	v2056	cat	New				Student	1	C815B29CD8F546BBBB4C647B9D163942	1	0
397	v2057	cat	New				Student	1	C815B29CD8F546BBBB4C647B9D163942	1	0
398	v2058	cat	New				Student	1	C815B29CD8F546BBBB4C647B9D163942	1	0
399	v2059	cat	New				Student	1	C815B29CD8F546BBBB4C647B9D163942	1	0
400	v2060	cat	New				Student	1	C815B29CD8F546BBBB4C647B9D163942	1	0
401	v2101	ahh	Kayla				Aponte	1	C815B29CD8F546BBBB4C647B9D163942	1	0
402	v2102	abs	Julian				Aviles	1	C815B29CD8F546BBBB4C647B9D163942	1	0
403	v2103	ace	Yvanna				Burgos	1	C815B29CD8F546BBBB4C647B9D163942	1	0
404	v2104	add	Yanely				Collado	1	C815B29CD8F546BBBB4C647B9D163942	1	0
405	v2105	aft	Anthony				Colon	1	C815B29CD8F546BBBB4C647B9D163942	1	0
406	v2106	ape	Marielis				Colon	1	C815B29CD8F546BBBB4C647B9D163942	1	0
407	v2107	and	John				Colon	1	C815B29CD8F546BBBB4C647B9D163942	1	0
408	v2108	aim	Michael				Colon	1	C815B29CD8F546BBBB4C647B9D163942	1	0
409	v2109	aid	Ebrianna				Cruz	1	C815B29CD8F546BBBB4C647B9D163942	1	0
410	v2110	air	Klaritza				Delarosa	1	C815B29CD8F546BBBB4C647B9D163942	1	0
411	v2111	all	Michael				Delorbe	1	C815B29CD8F546BBBB4C647B9D163942	1	0
412	v2112	amp	Yurielis				Delorbe	1	C815B29CD8F546BBBB4C647B9D163942	1	0
413	v2113	ant	Genesis				Galvez	1	C815B29CD8F546BBBB4C647B9D163942	1	0
414	v2114	app	Nelson				Garcia	1	C815B29CD8F546BBBB4C647B9D163942	1	0
415	v2115	apt	Melaney				Gonzalez	1	C815B29CD8F546BBBB4C647B9D163942	1	0
416	v2116	arc	Azora				Goodwin	1	C815B29CD8F546BBBB4C647B9D163942	1	0
417	v2117	arf	Heaven				Hernandez	1	C815B29CD8F546BBBB4C647B9D163942	1	0
418	v2118	ark	Francis				Hillsee	1	C815B29CD8F546BBBB4C647B9D163942	1	0
419	v2119	arm	Paula				Jarmul	1	C815B29CD8F546BBBB4C647B9D163942	1	0
420	v2120	art	Alexis	Tina			McLeod	1	C815B29CD8F546BBBB4C647B9D163942	1	0
421	v2121	ash	Guy	Mystil			III	1	C815B29CD8F546BBBB4C647B9D163942	1	0
422	v2122	ask	Devin				Nugyen	1	C815B29CD8F546BBBB4C647B9D163942	1	0
423	v2123	ate	Miaizabella				Nicasio	1	C815B29CD8F546BBBB4C647B9D163942	1	0
424	v2124	ave	Alina				Ortiz	1	C815B29CD8F546BBBB4C647B9D163942	1	0
425	v2125	awe	Siani				Pagan	1	C815B29CD8F546BBBB4C647B9D163942	1	0
426	v2126	axe	Edgardo				Rivera	1	C815B29CD8F546BBBB4C647B9D163942	1	0
427	v2127	aye	Chastity				Rivera	1	C815B29CD8F546BBBB4C647B9D163942	1	0
428	v2128	ays	Nicholas				Torres	1	C815B29CD8F546BBBB4C647B9D163942	1	0
429	v2129	baa	Jayzn				Vargas	1	C815B29CD8F546BBBB4C647B9D163942	1	0
430	v2130	bit	Kirian	Vargas			Calcano	1	C815B29CD8F546BBBB4C647B9D163942	1	0
431	v2131	bag	Lianna				Adames	1	C815B29CD8F546BBBB4C647B9D163942	1	0
432	v2132	bam	Guadalupe				Avalos	1	C815B29CD8F546BBBB4C647B9D163942	1	0
433	v2133	ban	Jesus	Avalos			Jr	1	C815B29CD8F546BBBB4C647B9D163942	1	0
434	v2134	bap	Mariah				Bristol	1	C815B29CD8F546BBBB4C647B9D163942	1	0
435	v2135	bar	Amairlys				Caseras	1	C815B29CD8F546BBBB4C647B9D163942	1	0
436	v2136	bat	Catherine				Cortez	1	C815B29CD8F546BBBB4C647B9D163942	1	0
437	v2137	bay	Samara				Cruz	1	C815B29CD8F546BBBB4C647B9D163942	1	0
438	v2138	bed	Millie				Delorbe	1	C815B29CD8F546BBBB4C647B9D163942	1	0
439	v2139	bee	Luz				Delvalle	1	C815B29CD8F546BBBB4C647B9D163942	1	0
440	v2140	beg	Kaydence				Dillon	1	C815B29CD8F546BBBB4C647B9D163942	1	0
441	v2141	ben	Brayner				Estevez	1	C815B29CD8F546BBBB4C647B9D163942	1	0
442	v2142	bet	Javier				Garcia	1	C815B29CD8F546BBBB4C647B9D163942	1	0
443	v2143	bib	Michael				German	1	C815B29CD8F546BBBB4C647B9D163942	1	0
444	v2144	bid	Bo				Greenfield	1	C815B29CD8F546BBBB4C647B9D163942	1	0
445	v2145	big	India	Mari	Izzard		Salas	1	C815B29CD8F546BBBB4C647B9D163942	1	0
446	v2146	bin	Wilgerleez	Mercedes			Marte	1	C815B29CD8F546BBBB4C647B9D163942	1	0
447	v2147	bio	Giaminh				Nuguyen	1	C815B29CD8F546BBBB4C647B9D163942	1	0
448	v2148	bio	Danny				Nguyen	1	C815B29CD8F546BBBB4C647B9D163942	1	0
449	v2149	bio	Javier				Oquendo	1	C815B29CD8F546BBBB4C647B9D163942	1	0
450	v2150	bio	Marcos				Perez	1	C815B29CD8F546BBBB4C647B9D163942	1	0
451	v2151	bio	Kyla				Broken	1	C815B29CD8F546BBBB4C647B9D163942	1	0
452	v2152	bio	Julio				Santiago	1	C815B29CD8F546BBBB4C647B9D163942	1	0
453	v2153	bio	Cassandra				Torress	1	C815B29CD8F546BBBB4C647B9D163942	1	0
454	v2154	bio	Unique				Pierre	1	C815B29CD8F546BBBB4C647B9D163942	1	0
455	v2155	bio	Reinayah				Ramos	1	C815B29CD8F546BBBB4C647B9D163942	1	0
456	v2156	bio	Israel				Santiago	1	C815B29CD8F546BBBB4C647B9D163942	1	0
457	v2157	bio	Jenavi				Severino	1	C815B29CD8F546BBBB4C647B9D163942	1	0
458	v2158	bio	Justin	Suchite			Velazquez	1	C815B29CD8F546BBBB4C647B9D163942	1	0
459	v2159	bio	Emilio				Tapia	1	C815B29CD8F546BBBB4C647B9D163942	1	0
460	v2160	bio	Henry				Taveras	1	C815B29CD8F546BBBB4C647B9D163942	1	0
461	v2161	bio	Luis	Vidro			III	1	C815B29CD8F546BBBB4C647B9D163942	1	0
462	v2162	bio	Samuel	Whitman			Frazier	1	C815B29CD8F546BBBB4C647B9D163942	1	0
463	v2163	big	Bianka				Santana	1	C815B29CD8F546BBBB4C647B9D163942	1	0
464	v2164	big	Madison				Fermin	1	C815B29CD8F546BBBB4C647B9D163942	1	0
465	v2165	bio	Alexander				Sanchez	1	C815B29CD8F546BBBB4C647B9D163942	1	0
466	v2166	bio	Layla				Hill	1	C815B29CD8F546BBBB4C647B9D163942	1	0
467	v2167	bio	Samual				Dowling	1	C815B29CD8F546BBBB4C647B9D163942	1	0
468	v2168	bio	Brandon				Castillo	1	C815B29CD8F546BBBB4C647B9D163942	1	0
469	v2169	bio	New				Student	1	C815B29CD8F546BBBB4C647B9D163942	1	0
470	v2170	bio	New				Student	1	C815B29CD8F546BBBB4C647B9D163942	1	0
471	v2171	bio	New				Student	1	C815B29CD8F546BBBB4C647B9D163942	1	0
472	v2172	bio	New				Student	1	C815B29CD8F546BBBB4C647B9D163942	1	0
473	v2173	bio	New				Student	1	C815B29CD8F546BBBB4C647B9D163942	1	0
474	v2174	bio	New				Student	1	C815B29CD8F546BBBB4C647B9D163942	1	0
475	v2175	bio	New				Student	1	C815B29CD8F546BBBB4C647B9D163942	1	0
476	v2176	bio	New				Student	1	C815B29CD8F546BBBB4C647B9D163942	1	0
477	v2177	bio	New				Student	1	C815B29CD8F546BBBB4C647B9D163942	1	0
478	v2178	bio	New				Student	1	C815B29CD8F546BBBB4C647B9D163942	1	0
479	v2179	bio	New				Student	1	C815B29CD8F546BBBB4C647B9D163942	1	0
480	v2180	bio	New				Student	1	C815B29CD8F546BBBB4C647B9D163942	1	0
481	v2181	bio	New				Student	1	C815B29CD8F546BBBB4C647B9D163942	1	0
482	v2182	bio	New				Student	1	C815B29CD8F546BBBB4C647B9D163942	1	0
483	v2201	ahh	Christopher				Barton	1	C815B29CD8F546BBBB4C647B9D163942	1	0
484	v2202	abc	Zuyanah				Berdicia	1	C815B29CD8F546BBBB4C647B9D163942	1	0
485	v2203	ace	Albert				Bobe	1	C815B29CD8F546BBBB4C647B9D163942	1	0
486	v2204	add	Jaavon				Brown	1	C815B29CD8F546BBBB4C647B9D163942	1	0
487	v2205	aft	Iris				Castro	1	C815B29CD8F546BBBB4C647B9D163942	1	0
488	v2206	ape	Jasmine				Castro	1	C815B29CD8F546BBBB4C647B9D163942	1	0
489	v2207	and	Leah				Castro	1	C815B29CD8F546BBBB4C647B9D163942	1	0
490	v2208	aim	Liany				Collado	1	C815B29CD8F546BBBB4C647B9D163942	1	0
491	v2209	aid	Michael				Do	1	C815B29CD8F546BBBB4C647B9D163942	1	0
492	v2210	air	Zabriana				Garro	1	C815B29CD8F546BBBB4C647B9D163942	1	0
493	v2211	all	Tanya				Lin	1	C815B29CD8F546BBBB4C647B9D163942	1	0
494	v2212	amp	Devin				Nguyen	1	C815B29CD8F546BBBB4C647B9D163942	1	0
495	v2213	ant	Ny				Nguyen	1	C815B29CD8F546BBBB4C647B9D163942	1	0
496	v2214	app	Jason				Nieves	1	C815B29CD8F546BBBB4C647B9D163942	1	0
497	v2215	apt	Jeremiah				Ortiz	1	C815B29CD8F546BBBB4C647B9D163942	1	0
498	v2216	arc	Anthony				Pham	1	C815B29CD8F546BBBB4C647B9D163942	1	0
499	v2217	arf	Kiera				Reilly	1	C815B29CD8F546BBBB4C647B9D163942	1	0
500	v2218	ark	Elijah				Rios	1	C815B29CD8F546BBBB4C647B9D163942	1	0
501	v2219	arm	Edgardo				Rivera	1	C815B29CD8F546BBBB4C647B9D163942	1	0
502	v2220	art	Madison				Rodriquez	1	C815B29CD8F546BBBB4C647B9D163942	1	0
503	v2221	ash	Adrian				Rodriquez	1	C815B29CD8F546BBBB4C647B9D163942	1	0
504	v2222	ask	Alejandro				Santiago	1	C815B29CD8F546BBBB4C647B9D163942	1	0
505	v2223	big	Selene				Torres	1	C815B29CD8F546BBBB4C647B9D163942	1	0
506	v2224	ave	Jennelyce				Valera	1	C815B29CD8F546BBBB4C647B9D163942	1	0
507	v2225	awe	Dominis				Zapata	1	C815B29CD8F546BBBB4C647B9D163942	1	0
508	v2226	axe	Marcus				Alicea	1	C815B29CD8F546BBBB4C647B9D163942	1	0
509	v2227	aye	Ailany				Asencio	1	C815B29CD8F546BBBB4C647B9D163942	1	0
510	v2228	ays	Luigi				Baez	1	C815B29CD8F546BBBB4C647B9D163942	1	0
511	v2229	baa	Mariah				Bristol	1	C815B29CD8F546BBBB4C647B9D163942	1	0
512	v2230	bit	Emilia				Burgos	1	C815B29CD8F546BBBB4C647B9D163942	1	0
513	v2231	bag	Yamel				Burgos	1	C815B29CD8F546BBBB4C647B9D163942	1	0
514	v2232	bam	Juan				Delarosa	1	C815B29CD8F546BBBB4C647B9D163942	1	0
515	v2233	ban	Luz				Delvalle	1	C815B29CD8F546BBBB4C647B9D163942	1	0
516	v2234	bap	LOuverture				Desamour	1	C815B29CD8F546BBBB4C647B9D163942	1	0
517	v2235	bar	Azavier				Gonzalez	1	C815B29CD8F546BBBB4C647B9D163942	1	0
518	v2236	bat	Maya				Jarmul	1	C815B29CD8F546BBBB4C647B9D163942	1	0
519	v2237	bay	Sean				Lopez	1	C815B29CD8F546BBBB4C647B9D163942	1	0
520	v2238	bed	Larissa				Mejia	1	C815B29CD8F546BBBB4C647B9D163942	1	0
521	v2239	bee	Paola				Montiel	1	C815B29CD8F546BBBB4C647B9D163942	1	0
522	v2240	beg	Michael				Moore	1	C815B29CD8F546BBBB4C647B9D163942	1	0
523	v2241	ben	Genesis				Morales	1	C815B29CD8F546BBBB4C647B9D163942	1	0
524	v2242	bet	Danny				Nguyen	1	C815B29CD8F546BBBB4C647B9D163942	1	0
525	v2243	bib	Giaminh				Nguyen	1	C815B29CD8F546BBBB4C647B9D163942	1	0
526	v2244	bid	Rodney				Montiz	1	C815B29CD8F546BBBB4C647B9D163942	1	0
527	v2245	big	Serenity				Montiz	1	C815B29CD8F546BBBB4C647B9D163942	1	0
528	v2246	bin	Serenity				Rodriquez	1	C815B29CD8F546BBBB4C647B9D163942	1	0
529	v2247	bio	Aiden				Smith	1	C815B29CD8F546BBBB4C647B9D163942	1	0
530	v2248	big	Haylee				Trinh	1	C815B29CD8F546BBBB4C647B9D163942	1	0
531	v2249	cat	Sashalynn				Alicea	1	C815B29CD8F546BBBB4C647B9D163942	1	0
532	v2250	bat	David				Andujar	1	C815B29CD8F546BBBB4C647B9D163942	1	0
533	v2251	hat	Rashad				Burgess	1	C815B29CD8F546BBBB4C647B9D163942	1	0
534	v2252	sat	Dan				Doan	1	C815B29CD8F546BBBB4C647B9D163942	1	0
535	v2253	bat	Jan				Gomez	1	C815B29CD8F546BBBB4C647B9D163942	1	0
536	v2254	cat	Imani				Hansberry	1	C815B29CD8F546BBBB4C647B9D163942	1	0
537	v2255	cat	Chloe				Mack	1	C815B29CD8F546BBBB4C647B9D163942	1	0
538	v2256	cat	Alyssa				Mao	1	C815B29CD8F546BBBB4C647B9D163942	1	0
539	v2257	sat	Lisnett				Nolasco	1	C815B29CD8F546BBBB4C647B9D163942	1	0
540	v2258	cat	Elmer				Peralta	1	C815B29CD8F546BBBB4C647B9D163942	1	0
541	v2259	bat	Ryan				Perfidio	1	C815B29CD8F546BBBB4C647B9D163942	1	0
542	v2260	cat	Aiden				Quin	1	C815B29CD8F546BBBB4C647B9D163942	1	0
543	v2261	bat	Connor				Rivera	1	C815B29CD8F546BBBB4C647B9D163942	1	0
544	v2262	cat	Giana				Rodriquez	1	C815B29CD8F546BBBB4C647B9D163942	1	0
545	v2263	cat	Ricardo				Santos	1	C815B29CD8F546BBBB4C647B9D163942	1	0
546	v2264	bat	Kristian				Serrano	1	C815B29CD8F546BBBB4C647B9D163942	1	0
547	v2265	cat	Mya				Torres	1	C815B29CD8F546BBBB4C647B9D163942	1	0
548	v2266	cat	Anna				Van	1	C815B29CD8F546BBBB4C647B9D163942	1	0
549	v2267	cat	New				Student	1	C815B29CD8F546BBBB4C647B9D163942	1	0
550	v2268	cat	New				Student	1	C815B29CD8F546BBBB4C647B9D163942	1	0
551	v2269	cat	New				Student	1	C815B29CD8F546BBBB4C647B9D163942	1	0
552	v2270	cat	New				Student	1	C815B29CD8F546BBBB4C647B9D163942	1	0
553	v2271	cat	New				Student	1	C815B29CD8F546BBBB4C647B9D163942	1	0
554	v2272	cat	New				Student	1	C815B29CD8F546BBBB4C647B9D163942	1	0
555	v2273	cat	New				Student	1	C815B29CD8F546BBBB4C647B9D163942	1	0
556	v2274	cat	New				Student	1	C815B29CD8F546BBBB4C647B9D163942	1	0
557	v2275	cat	New				Student	1	C815B29CD8F546BBBB4C647B9D163942	1	0
558	v2276	cat	New				Student	1	C815B29CD8F546BBBB4C647B9D163942	1	0
559	v2277	cat	New				Student	1	C815B29CD8F546BBBB4C647B9D163942	1	0
560	v2278	cat	New				Student	1	C815B29CD8F546BBBB4C647B9D163942	1	0
561	v2279	cat	New				Student	1	C815B29CD8F546BBBB4C647B9D163942	1	0
562	v2280	cat	New				Student	1	C815B29CD8F546BBBB4C647B9D163942	1	0
563	v2301	ahh	New				Student	1	C815B29CD8F546BBBB4C647B9D163942	1	0
564	v2302	abc	New				Student	1	C815B29CD8F546BBBB4C647B9D163942	1	0
565	v2303	ace	New				Student	1	C815B29CD8F546BBBB4C647B9D163942	1	0
566	v2304	add	New				Student	1	C815B29CD8F546BBBB4C647B9D163942	1	0
567	v2305	aft	New				Student	1	C815B29CD8F546BBBB4C647B9D163942	1	0
568	v2306	ape	New				Student	1	C815B29CD8F546BBBB4C647B9D163942	1	0
569	v2307	and	New				Student	1	C815B29CD8F546BBBB4C647B9D163942	1	0
570	v2308	aim	New				Student	1	C815B29CD8F546BBBB4C647B9D163942	1	0
571	v2309	aid	New				Student	1	C815B29CD8F546BBBB4C647B9D163942	1	0
572	v2310	air	New				Student	1	C815B29CD8F546BBBB4C647B9D163942	1	0
573	v2311	all	New				Student	1	C815B29CD8F546BBBB4C647B9D163942	1	0
574	v2312	amp	New				Student	1	C815B29CD8F546BBBB4C647B9D163942	1	0
575	v2313	ant	New				Student	1	C815B29CD8F546BBBB4C647B9D163942	1	0
576	v2314	app	New				Student	1	C815B29CD8F546BBBB4C647B9D163942	1	0
577	v2315	apt	New				Student	1	C815B29CD8F546BBBB4C647B9D163942	1	0
578	v2316	arc	New				Student	1	C815B29CD8F546BBBB4C647B9D163942	1	0
579	v2317	arf	New				Student	1	C815B29CD8F546BBBB4C647B9D163942	1	0
580	v2318	ark	New				Student	1	C815B29CD8F546BBBB4C647B9D163942	1	0
581	v2319	arm	New				Student	1	C815B29CD8F546BBBB4C647B9D163942	1	0
582	v2320	art	New				Student	1	C815B29CD8F546BBBB4C647B9D163942	1	0
583	v2321	ash	New				Student	1	C815B29CD8F546BBBB4C647B9D163942	1	0
584	v2322	ask	New				Student	1	C815B29CD8F546BBBB4C647B9D163942	1	0
585	v2323	big	New				Student	1	C815B29CD8F546BBBB4C647B9D163942	1	0
586	v2324	ave	New				Student	1	C815B29CD8F546BBBB4C647B9D163942	1	0
587	v2325	awe	New				Student	1	C815B29CD8F546BBBB4C647B9D163942	1	0
588	v2326	axe	New				Student	1	C815B29CD8F546BBBB4C647B9D163942	1	0
589	v2327	aye	New				Student	1	C815B29CD8F546BBBB4C647B9D163942	1	0
590	v2328	ays	New				Student	1	C815B29CD8F546BBBB4C647B9D163942	1	0
591	v2329	baa	New				Student	1	C815B29CD8F546BBBB4C647B9D163942	1	0
592	v2330	bit	New				Student	1	C815B29CD8F546BBBB4C647B9D163942	1	0
593	v2331	bag	New				Student	1	C815B29CD8F546BBBB4C647B9D163942	1	0
594	v2332	bam	New				Student	1	C815B29CD8F546BBBB4C647B9D163942	1	0
595	v2333	ban	New				Student	1	C815B29CD8F546BBBB4C647B9D163942	1	0
596	v2334	bap	New				Student	1	C815B29CD8F546BBBB4C647B9D163942	1	0
597	v2335	bar	New				Student	1	C815B29CD8F546BBBB4C647B9D163942	1	0
598	v2336	bat	New				Student	1	C815B29CD8F546BBBB4C647B9D163942	1	0
599	v2337	bay	New				Student	1	C815B29CD8F546BBBB4C647B9D163942	1	0
600	v2338	bed	New				Student	1	C815B29CD8F546BBBB4C647B9D163942	1	0
601	v2339	bee	New				Student	1	C815B29CD8F546BBBB4C647B9D163942	1	0
602	v2340	beg	New				Student	1	C815B29CD8F546BBBB4C647B9D163942	1	0
603	v2341	ben	New				Student	1	C815B29CD8F546BBBB4C647B9D163942	1	0
604	v2342	bet	New				Student	1	C815B29CD8F546BBBB4C647B9D163942	1	0
605	v2343	bib	New				Student	1	C815B29CD8F546BBBB4C647B9D163942	1	0
606	v2344	bid	New				Student	1	C815B29CD8F546BBBB4C647B9D163942	1	0
607	v2345	big	New				Student	1	C815B29CD8F546BBBB4C647B9D163942	1	0
608	v2346	bin	New				Student	1	C815B29CD8F546BBBB4C647B9D163942	1	0
609	v2347	bio	New				Student	1	C815B29CD8F546BBBB4C647B9D163942	1	0
610	v2348	big	New				Student	1	C815B29CD8F546BBBB4C647B9D163942	1	0
611	v2349	cat	New				Student	1	C815B29CD8F546BBBB4C647B9D163942	1	0
612	v2350	bat	New				Student	1	C815B29CD8F546BBBB4C647B9D163942	1	0
613	v2351	hat	New				Student	1	C815B29CD8F546BBBB4C647B9D163942	1	0
614	v2352	sat	New				Student	1	C815B29CD8F546BBBB4C647B9D163942	1	0
615	v2353	bat	New				Student	1	C815B29CD8F546BBBB4C647B9D163942	1	0
616	v2354	cat	New				Student	1	C815B29CD8F546BBBB4C647B9D163942	1	0
617	v2355	cat	New				Student	1	C815B29CD8F546BBBB4C647B9D163942	1	0
618	v2356	cat	New				Student	1	C815B29CD8F546BBBB4C647B9D163942	1	0
619	v2357	sat	New				Student	1	C815B29CD8F546BBBB4C647B9D163942	1	0
620	v2358	cat	New				Student	1	C815B29CD8F546BBBB4C647B9D163942	1	0
621	v2359	bat	New				Student	1	C815B29CD8F546BBBB4C647B9D163942	1	0
622	v2360	cat	New				Student	1	C815B29CD8F546BBBB4C647B9D163942	1	0
623	v2361	bat	New				Student	1	C815B29CD8F546BBBB4C647B9D163942	1	0
624	v2362	cat	New				Student	1	C815B29CD8F546BBBB4C647B9D163942	1	0
625	v2363	cat	New				Student	1	C815B29CD8F546BBBB4C647B9D163942	1	0
626	v2364	bat	New				Student	1	C815B29CD8F546BBBB4C647B9D163942	1	0
627	v2365	cat	New				Student	1	C815B29CD8F546BBBB4C647B9D163942	1	0
628	v2366	cat	New				Student	1	C815B29CD8F546BBBB4C647B9D163942	1	0
629	v2367	cat	New				Student	1	C815B29CD8F546BBBB4C647B9D163942	1	0
630	v2368	cat	New				Student	1	C815B29CD8F546BBBB4C647B9D163942	1	0
631	v2369	cat	New				Student	1	C815B29CD8F546BBBB4C647B9D163942	1	0
632	v2370	cat	New				Student	1	C815B29CD8F546BBBB4C647B9D163942	1	0
633	v2371	cat	New				Student	1	C815B29CD8F546BBBB4C647B9D163942	1	0
634	v2372	cat	New				Student	1	C815B29CD8F546BBBB4C647B9D163942	1	0
635	v2373	cat	New				Student	1	C815B29CD8F546BBBB4C647B9D163942	1	0
636	v2374	cat	New				Student	1	C815B29CD8F546BBBB4C647B9D163942	1	0
637	v2375	cat	New				Student	1	C815B29CD8F546BBBB4C647B9D163942	1	0
638	v2376	cat	New				Student	1	C815B29CD8F546BBBB4C647B9D163942	1	0
639	v2377	cat	New				Student	1	C815B29CD8F546BBBB4C647B9D163942	1	0
640	v2378	cat	New				Student	1	C815B29CD8F546BBBB4C647B9D163942	1	0
641	v2379	cat	New				Student	1	C815B29CD8F546BBBB4C647B9D163942	1	0
642	v2380	cat	New				Student	1	C815B29CD8F546BBBB4C647B9D163942	1	0
643	v2381	cat	New				Student	1	C815B29CD8F546BBBB4C647B9D163942	1	0
644	v2382	cat	New				Student	1	C815B29CD8F546BBBB4C647B9D163942	1	0
645	v2383	cat	New				Student	1	C815B29CD8F546BBBB4C647B9D163942	1	0
646	v2384	cat	New				Student	1	C815B29CD8F546BBBB4C647B9D163942	1	0
647	v2385	cat	New				Student	1	C815B29CD8F546BBBB4C647B9D163942	1	0
648	v2386	cat	New				Student	1	C815B29CD8F546BBBB4C647B9D163942	1	0
649	v2387	cat	New				Student	1	C815B29CD8F546BBBB4C647B9D163942	1	0
650	v2388	cat	New				Student	1	C815B29CD8F546BBBB4C647B9D163942	1	0
651	v2389	cat	New				Student	1	C815B29CD8F546BBBB4C647B9D163942	1	0
652	v2390	cat	New				Student	1	C815B29CD8F546BBBB4C647B9D163942	1	0
653	v2391	cat	New				Student	1	C815B29CD8F546BBBB4C647B9D163942	1	0
654	v2392	cat	New				Student	1	C815B29CD8F546BBBB4C647B9D163942	1	0
655	v2393	cat	New				Student	1	C815B29CD8F546BBBB4C647B9D163942	1	0
656	v2394	cat	New				Student	1	C815B29CD8F546BBBB4C647B9D163942	1	0
657	v2395	cat	New				Student	1	C815B29CD8F546BBBB4C647B9D163942	1	0
658	v2396	cat	New				Student	1	C815B29CD8F546BBBB4C647B9D163942	1	0
659	v2397	cat	New				Student	1	C815B29CD8F546BBBB4C647B9D163942	1	0
660	v2398	cat	New				Student	1	C815B29CD8F546BBBB4C647B9D163942	1	0
661	v2399	cat	New				Student	1	C815B29CD8F546BBBB4C647B9D163942	1	0
662	v2401	ahh	New				Student	1	C815B29CD8F546BBBB4C647B9D163942	1	0
663	v2402	abc	New				Student	1	C815B29CD8F546BBBB4C647B9D163942	1	0
664	v2403	ace	New				Student	1	C815B29CD8F546BBBB4C647B9D163942	1	0
665	v2404	add	New				Student	1	C815B29CD8F546BBBB4C647B9D163942	1	0
666	v2405	aft	New				Student	1	C815B29CD8F546BBBB4C647B9D163942	1	0
667	v2406	ape	New				Student	1	C815B29CD8F546BBBB4C647B9D163942	1	0
668	v2407	and	New				Student	1	C815B29CD8F546BBBB4C647B9D163942	1	0
669	v2408	aim	New				Student	1	C815B29CD8F546BBBB4C647B9D163942	1	0
670	v2409	aid	New				Student	1	C815B29CD8F546BBBB4C647B9D163942	1	0
671	v2410	air	New				Student	1	C815B29CD8F546BBBB4C647B9D163942	1	0
672	v2411	all	New				Student	1	C815B29CD8F546BBBB4C647B9D163942	1	0
673	v2412	amp	New				Student	1	C815B29CD8F546BBBB4C647B9D163942	1	0
674	v2413	ant	New				Student	1	C815B29CD8F546BBBB4C647B9D163942	1	0
675	v2414	app	New				Student	1	C815B29CD8F546BBBB4C647B9D163942	1	0
676	v2415	apt	New				Student	1	C815B29CD8F546BBBB4C647B9D163942	1	0
677	v2416	arc	New				Student	1	C815B29CD8F546BBBB4C647B9D163942	1	0
678	v2417	arf	New				Student	1	C815B29CD8F546BBBB4C647B9D163942	1	0
679	v2418	ark	New				Student	1	C815B29CD8F546BBBB4C647B9D163942	1	0
680	v2419	arm	New				Student	1	C815B29CD8F546BBBB4C647B9D163942	1	0
681	v2420	art	New				Student	1	C815B29CD8F546BBBB4C647B9D163942	1	0
682	v2421	ash	New				Student	1	C815B29CD8F546BBBB4C647B9D163942	1	0
683	v2422	ask	New				Student	1	C815B29CD8F546BBBB4C647B9D163942	1	0
684	v2423	big	New				Student	1	C815B29CD8F546BBBB4C647B9D163942	1	0
685	v2424	ave	New				Student	1	C815B29CD8F546BBBB4C647B9D163942	1	0
686	v2425	awe	New				Student	1	C815B29CD8F546BBBB4C647B9D163942	1	0
687	v2426	axe	New				Student	1	C815B29CD8F546BBBB4C647B9D163942	1	0
688	v2427	aye	New				Student	1	C815B29CD8F546BBBB4C647B9D163942	1	0
689	v2428	ays	New				Student	1	C815B29CD8F546BBBB4C647B9D163942	1	0
690	v2429	baa	New				Student	1	C815B29CD8F546BBBB4C647B9D163942	1	0
691	v2430	bit	New				Student	1	C815B29CD8F546BBBB4C647B9D163942	1	0
692	v2431	bag	New				Student	1	C815B29CD8F546BBBB4C647B9D163942	1	0
693	v2432	bam	New				Student	1	C815B29CD8F546BBBB4C647B9D163942	1	0
694	v2433	ban	New				Student	1	C815B29CD8F546BBBB4C647B9D163942	1	0
695	v2434	bap	New				Student	1	C815B29CD8F546BBBB4C647B9D163942	1	0
696	v2435	bar	New				Student	1	C815B29CD8F546BBBB4C647B9D163942	1	0
697	v2436	bat	New				Student	1	C815B29CD8F546BBBB4C647B9D163942	1	0
698	v2437	bay	New				Student	1	C815B29CD8F546BBBB4C647B9D163942	1	0
699	v2438	bed	New				Student	1	C815B29CD8F546BBBB4C647B9D163942	1	0
700	v2439	bee	New				Student	1	C815B29CD8F546BBBB4C647B9D163942	1	0
701	v2440	beg	New				Student	1	C815B29CD8F546BBBB4C647B9D163942	1	0
702	v2441	ben	New				Student	1	C815B29CD8F546BBBB4C647B9D163942	1	0
703	v2442	bet	New				Student	1	C815B29CD8F546BBBB4C647B9D163942	1	0
704	v2443	bib	New				Student	1	C815B29CD8F546BBBB4C647B9D163942	1	0
705	v2444	bid	New				Student	1	C815B29CD8F546BBBB4C647B9D163942	1	0
706	v2445	big	New				Student	1	C815B29CD8F546BBBB4C647B9D163942	1	0
707	v2446	bin	New				Student	1	C815B29CD8F546BBBB4C647B9D163942	1	0
708	v2447	bio	New				Student	1	C815B29CD8F546BBBB4C647B9D163942	1	0
709	v2448	big	New				Student	1	C815B29CD8F546BBBB4C647B9D163942	1	0
710	v2449	cat	New				Student	1	C815B29CD8F546BBBB4C647B9D163942	1	0
711	v2450	bat	New				Student	1	C815B29CD8F546BBBB4C647B9D163942	1	0
712	v2451	hat	New				Student	1	C815B29CD8F546BBBB4C647B9D163942	1	0
713	v2452	sat	New				Student	1	C815B29CD8F546BBBB4C647B9D163942	1	0
714	v2453	bat	New				Student	1	C815B29CD8F546BBBB4C647B9D163942	1	0
715	v2454	cat	New				Student	1	C815B29CD8F546BBBB4C647B9D163942	1	0
716	v2455	cat	New				Student	1	C815B29CD8F546BBBB4C647B9D163942	1	0
717	v2456	cat	New				Student	1	C815B29CD8F546BBBB4C647B9D163942	1	0
718	v2457	sat	New				Student	1	C815B29CD8F546BBBB4C647B9D163942	1	0
719	v2458	cat	New				Student	1	C815B29CD8F546BBBB4C647B9D163942	1	0
720	v2459	bat	New				Student	1	C815B29CD8F546BBBB4C647B9D163942	1	0
721	v2460	cat	New				Student	1	C815B29CD8F546BBBB4C647B9D163942	1	0
722	v2461	bat	New				Student	1	C815B29CD8F546BBBB4C647B9D163942	1	0
723	v2462	cat	New				Student	1	C815B29CD8F546BBBB4C647B9D163942	1	0
724	v2463	cat	New				Student	1	C815B29CD8F546BBBB4C647B9D163942	1	0
725	v2464	bat	New				Student	1	C815B29CD8F546BBBB4C647B9D163942	1	0
726	v2465	cat	New				Student	1	C815B29CD8F546BBBB4C647B9D163942	1	0
727	v2466	cat	New				Student	1	C815B29CD8F546BBBB4C647B9D163942	1	0
728	v2467	cat	New				Student	1	C815B29CD8F546BBBB4C647B9D163942	1	0
729	v2468	cat	New				Student	1	C815B29CD8F546BBBB4C647B9D163942	1	0
730	v2469	cat	New				Student	1	C815B29CD8F546BBBB4C647B9D163942	1	0
731	v2470	cat	New				Student	1	C815B29CD8F546BBBB4C647B9D163942	1	0
732	v2471	cat	New				Student	1	C815B29CD8F546BBBB4C647B9D163942	1	0
733	v2472	cat	New				Student	1	C815B29CD8F546BBBB4C647B9D163942	1	0
734	v2473	cat	New				Student	1	C815B29CD8F546BBBB4C647B9D163942	1	0
735	v2474	cat	New				Student	1	C815B29CD8F546BBBB4C647B9D163942	1	0
736	v2475	cat	New				Student	1	C815B29CD8F546BBBB4C647B9D163942	1	0
737	v2476	cat	New				Student	1	C815B29CD8F546BBBB4C647B9D163942	1	0
738	v2477	cat	New				Student	1	C815B29CD8F546BBBB4C647B9D163942	1	0
739	v2478	cat	New				Student	1	C815B29CD8F546BBBB4C647B9D163942	1	0
740	v2479	cat	New				Student	1	C815B29CD8F546BBBB4C647B9D163942	1	0
741	v2480	cat	New				Student	1	C815B29CD8F546BBBB4C647B9D163942	1	0
742	v2481	cat	New				Student	1	C815B29CD8F546BBBB4C647B9D163942	1	0
743	v2482	cat	New				Student	1	C815B29CD8F546BBBB4C647B9D163942	1	0
744	v2483	cat	New				Student	1	C815B29CD8F546BBBB4C647B9D163942	1	0
745	v2484	cat	New				Student	1	C815B29CD8F546BBBB4C647B9D163942	1	0
746	v2485	cat	New				Student	1	C815B29CD8F546BBBB4C647B9D163942	1	0
750	v2489	cat	New				Student	1	C815B29CD8F546BBBB4C647B9D163942	1	0
751	v2490	cat	New				Student	1	C815B29CD8F546BBBB4C647B9D163942	1	0
752	v2491	cat	New				Student	1	C815B29CD8F546BBBB4C647B9D163942	1	0
753	v2492	cat	New				Student	1	C815B29CD8F546BBBB4C647B9D163942	1	0
754	v2493	cat	New				Student	1	C815B29CD8F546BBBB4C647B9D163942	1	0
755	v2494	cat	New				Student	1	C815B29CD8F546BBBB4C647B9D163942	1	0
756	v2495	cat	New				Student	1	C815B29CD8F546BBBB4C647B9D163942	1	0
757	v2496	cat	New				Student	1	C815B29CD8F546BBBB4C647B9D163942	1	0
758	v2497	cat	New				Student	1	C815B29CD8F546BBBB4C647B9D163942	1	0
759	v2498	cat	New				Student	1	C815B29CD8F546BBBB4C647B9D163942	1	0
760	v2499	cat	New				Student	1	C815B29CD8F546BBBB4C647B9D163942	1	0
7	v1401	ahh	Anthony				Arvelo	1	C11F30815A9C49B9A83B61A285EA11F9	2	0
\.


--
-- Name: users_id_seq; Type: SEQUENCE SET; Schema: public; Owner: postgres
--

SELECT pg_catalog.setval('users_id_seq', 760, true);


--
-- Name: error_log_pkey; Type: CONSTRAINT; Schema: public; Owner: postgres; Tablespace: 
--

ALTER TABLE ONLY error_log
    ADD CONSTRAINT error_log_pkey PRIMARY KEY (id);


--
-- Name: learning_standards_id_key; Type: CONSTRAINT; Schema: public; Owner: postgres; Tablespace: 
--

ALTER TABLE ONLY learning_standards
    ADD CONSTRAINT learning_standards_id_key UNIQUE (id);


--
-- Name: learning_standards_ref_id_key; Type: CONSTRAINT; Schema: public; Owner: postgres; Tablespace: 
--

ALTER TABLE ONLY learning_standards
    ADD CONSTRAINT learning_standards_ref_id_key UNIQUE (ref_id);


--
-- Name: level_transactions_pkey; Type: CONSTRAINT; Schema: public; Owner: postgres; Tablespace: 
--

ALTER TABLE ONLY level_transactions
    ADD CONSTRAINT level_transactions_pkey PRIMARY KEY (id);


--
-- Name: levelattempts_pkey; Type: CONSTRAINT; Schema: public; Owner: postgres; Tablespace: 
--

ALTER TABLE ONLY levelattempts
    ADD CONSTRAINT levelattempts_pkey PRIMARY KEY (id);


--
-- Name: passwords_password_key; Type: CONSTRAINT; Schema: public; Owner: postgres; Tablespace: 
--

ALTER TABLE ONLY passwords
    ADD CONSTRAINT passwords_password_key UNIQUE (password);


--
-- Name: passwords_pkey; Type: CONSTRAINT; Schema: public; Owner: postgres; Tablespace: 
--

ALTER TABLE ONLY passwords
    ADD CONSTRAINT passwords_pkey PRIMARY KEY (password);


--
-- Name: schools_pkey; Type: CONSTRAINT; Schema: public; Owner: postgres; Tablespace: 
--

ALTER TABLE ONLY schools
    ADD CONSTRAINT schools_pkey PRIMARY KEY (id);


--
-- Name: schools_school_name_key; Type: CONSTRAINT; Schema: public; Owner: postgres; Tablespace: 
--

ALTER TABLE ONLY schools
    ADD CONSTRAINT schools_school_name_key UNIQUE (school_name);


--
-- Name: students_pkey; Type: CONSTRAINT; Schema: public; Owner: postgres; Tablespace: 
--

ALTER TABLE ONLY students
    ADD CONSTRAINT students_pkey PRIMARY KEY (id);


--
-- Name: teachers_pkey; Type: CONSTRAINT; Schema: public; Owner: postgres; Tablespace: 
--

ALTER TABLE ONLY teachers
    ADD CONSTRAINT teachers_pkey PRIMARY KEY (id);


--
-- Name: users_pkey; Type: CONSTRAINT; Schema: public; Owner: postgres; Tablespace: 
--

ALTER TABLE ONLY users
    ADD CONSTRAINT users_pkey PRIMARY KEY (id);


--
-- Name: users_username_school_id_key; Type: CONSTRAINT; Schema: public; Owner: postgres; Tablespace: 
--

ALTER TABLE ONLY users
    ADD CONSTRAINT users_username_school_id_key UNIQUE (username, school_id);


--
-- Name: students_id_fkey; Type: FK CONSTRAINT; Schema: public; Owner: postgres
--

ALTER TABLE ONLY students
    ADD CONSTRAINT students_id_fkey FOREIGN KEY (id) REFERENCES users(id);


--
-- Name: teachers_id_fkey; Type: FK CONSTRAINT; Schema: public; Owner: postgres
--

ALTER TABLE ONLY teachers
    ADD CONSTRAINT teachers_id_fkey FOREIGN KEY (id) REFERENCES users(id);


--
-- Name: users_school_id_fkey; Type: FK CONSTRAINT; Schema: public; Owner: postgres
--

ALTER TABLE ONLY users
    ADD CONSTRAINT users_school_id_fkey FOREIGN KEY (school_id) REFERENCES schools(id);


--
-- Name: public; Type: ACL; Schema: -; Owner: postgres
--

REVOKE ALL ON SCHEMA public FROM PUBLIC;
REVOKE ALL ON SCHEMA public FROM postgres;
GRANT ALL ON SCHEMA public TO postgres;
GRANT ALL ON SCHEMA public TO PUBLIC;


--
-- PostgreSQL database dump complete
--

